MatchID;MMR;radiant_win;radiant_pick;dire_pick
4957283414;5406;True;71,16,22,8,39;21,27,70,36,104
4957297018;4900;False;100,76,95,20,31;102,25,101,32,104
4957302805;7619;True;85,86,14,53,32;84,68,74,114,54
4957305600;5203;False;23,38,95,46,26;83,21,76,8,78
4957319712;6703;True;37,104,106,8,110;71,58,62,105,70
4957321008;5370;True;109,27,75,9,29;8,120,25,83,28
4957322918;4785;False;28,79,26,44,25;11,72,50,91,129
4957327508;5927;False;50,21,1,86,23;52,10,26,84,18
4957327600;5821;False;41,121,28,31,75;19,50,74,87,89
4957333214;5175;True;95,87,32,52,14;93,7,110,10,96
4957334512;5881;False;61,129,70,5,19;74,40,84,93,78
4957345108;5382;False;2,25,93,75,37;109,4,14,57,26
4957352302;6153;False;33,18,31,129,22;121,74,8,86,84
4957354904;5316;False;5,13,84,101,70;89,21,74,11,20
4957355301;5261;False;44,99,64,34,26;102,129,21,5,56
4957356700;5749;True;67,16,34,25,121;107,129,73,84,95
4957358803;6748;True;22,19,120,101,93;7,21,109,112,17
4957371507;6101;False;120,83,60,36,93;50,62,74,66,77
4957374700;4750;True;26,91,72,102,76;42,71,121,11,55
4957375101;5540;True;10,93,52,84,7;19,1,106,111,74
4957378208;5921;True;21,87,93,96,43;10,114,31,36,25
4957378805;5705;True;68,93,105,19,74;16,72,83,61,91
4957379915;5620;False;46,25,93,129,121;75,74,111,41,104
4957383304;5801;True;14,87,129,82,93;28,41,98,5,99
4957388404;4582;False;1,20,17,100,84;85,60,5,101,104
4957388519;6947;True;70,86,22,129,25;2,5,74,21,54
4957400400;5928;False;74,54,86,5,16;110,97,9,44,19
4957400501;6204;True;3,25,106,2,44;114,30,76,86,16
4957401618;6224;True;25,73,3,98,90;114,7,64,60,89
4957406111;6710;True;83,81,73,105,38;39,89,40,101,36
4957406607;4757;True;41,25,14,66,74;93,105,53,114,19
4957407812;6360;True;104,48,71,64,110;16,33,76,5,21
4957421706;5371;False;7,4,3,62,61;64,109,104,101,25
4957421716;4564;True;91,86,25,14,72;3,120,35,89,74
4957425907;6273;False;68,19,96,10,42;80,74,30,17,54
4957426116;5813;True;13,107,27,21,54;5,74,86,93,14
4957431600;3846;False;93,101,65,26,58;57,9,73,61,129
4957431708;5988;False;34,99,114,86,5;61,26,44,120,2
4957433609;5307;True;96,62,93,20,61;18,32,52,70,3
4957435610;4819;False;39,2,110,32,76;91,40,11,72,19
4957436811;5551;False;93,91,74,114,2;8,27,86,46,104
4957439806;5303;True;77,110,30,74,70;34,21,8,62,3
4957447805;5567;False;13,84,79,93,25;1,37,60,52,101
4957451603;6763;True;67,57,64,48,46;22,104,54,25,30
4957451712;5175;True;3,92,129,107,44;21,121,54,45,31
4957455004;5418;True;35,86,129,3,6;82,54,14,104,64
4957457612;5782;True;7,58,23,1,5;129,73,75,112,54
4957467208;4769;True;88,21,76,2,93;111,28,8,73,74
4957472907;6311;False;104,74,112,41,107;114,11,16,79,7
4957473214;5334;False;58,64,51,54,11;65,121,39,93,9
4957473813;5703;True;21,73,3,62,113;110,76,105,67,71
4957480514;6888;True;73,64,120,25,96;93,121,107,76,21
4957481104;5169;True;57,4,23,86,70;110,50,19,93,15
4957481311;5371;False;113,129,15,5,25;104,54,84,13,45
4957482308;6254;False;58,68,34,101,93;39,72,2,3,91
4957482310;5222;True;74,93,16,121,86;96,106,91,84,48
4957484807;5027;False;76,31,119,19,41;120,93,26,113,65
4957488403;7765;True;27,50,71,12,61;79,74,95,85,16
4957490701;5390;True;107,1,3,105,129;23,68,93,7,16
4957492305;5692;False;40,31,76,73,104;99,27,93,113,25
4957496605;5270;True;30,85,14,99,4;27,93,17,33,101
4957499003;6252;True;46,74,3,57,8;39,93,5,21,81
4957501009;5127;False;4,19,26,21,111;112,11,58,105,42
4957503602;5431;True;41,98,26,32,105;46,27,71,104,8
4957504803;5229;True;66,21,78,106,25;4,64,65,58,95
4957506108;4947;False;74,27,31,106,38;120,5,95,121,59
4957506419;5255;False;112,33,75,109,120;17,9,106,86,16
4957506507;5758;True;17,121,19,87,18;72,91,79,16,106
4957519519;6613;True;17,62,19,30,73;25,109,102,75,76
4957521009;5457;False;114,16,93,84,19;74,37,83,1,42
4957522000;5430;True;76,105,5,10,129;8,33,91,14,46
4957523418;4527;True;92,53,64,38,42;105,18,50,61,28
4957523605;4724;True;95,121,120,70,13;96,110,112,41,106
4957531200;4715;True;58,36,100,79,46;25,104,93,19,121
4957531916;7476;True;97,44,36,111,101;8,96,121,19,73
4957532319;5836;True;37,106,93,16,101;31,32,107,11,1
4957536313;5779;True;10,104,19,14,86;129,79,21,93,30
4957541505;5149;False;100,87,63,58,39;86,101,38,89,102
4957552402;5724;True;119,38,101,89,64;83,109,19,74,58
4957557110;5578;True;14,12,25,66,114;74,56,93,5,129
4957561311;5117;False;67,19,76,129,31;73,84,114,21,75
4957562111;7476;False;106,3,91,72,50;85,76,86,129,4
4957565314;6815;False;76,120,101,91,114;16,121,4,13,86
4957566800;6605;True;19,11,5,58,89;99,45,32,25,3
4957572710;4619;False;57,70,59,26,86;100,39,129,54,83
4957573506;6580;False;120,34,39,5,70;48,82,95,58,83
4957575208;5241;True;101,104,26,36,8;29,7,70,46,27
4957576705;6048;True;25,110,71,31,14;54,101,75,61,98
4957582402;5541;True;95,30,60,114,85;36,93,53,23,112
4957583714;4785;True;7,104,93,26,34;37,82,8,56,74
4957583717;5343;True;98,39,87,19,93;91,7,76,84,54
4957585900;5583;False;19,93,39,2,119;65,23,26,73,120
4957589912;5623;True;71,25,54,16,112;91,72,64,53,39
4957591103;4149;True;73,129,30,10,101;70,54,40,120,19
4957592513;6265;True;91,68,104,23,114;7,5,73,25,11
4957593106;5135;True;121,13,72,5,2;70,53,105,46,25
4957594311;4945;True;121,17,73,120,83;21,41,98,30,51
4957604510;5724;True;58,83,26,93,73;41,64,66,120,39
4957611215;4986;False;49,95,84,27,98;37,93,86,113,33
4957612717;5734;False;34,42,87,2,19;7,68,9,76,18
4957423713;5013;False;42,59,99,121,119;64,76,129,37,93
4957444901;5420;True;86,93,34,7,14;84,31,112,56,25
4957378700;4708;True;19,41,13,111,74;106,120,94,37,119
4957277813;4055;False;39,42,121,37,129;72,58,83,15,91
4957279117;4658;True;88,33,95,74,79;17,32,93,19,30
4957279903;5305;True;93,27,98,47,31;78,72,86,83,73
4957465618;4417;False;54,3,2,25,59;72,52,91,23,34
4957285013;4653;True;34,5,41,19,14;21,100,36,93,84
4957286117;4851;True;19,14,65,39,41;91,106,104,25,93
4957292918;4498;False;8,57,96,86,82;101,50,48,84,104
4957490306;5282;False;9,58,27,15,45;5,25,62,129,95
4957297817;4838;False;77,110,7,37,17;106,62,121,70,79
4957299711;4760;True;106,107,58,61,37;63,9,21,84,31
4957299912;5277;True;89,100,2,3,92;5,60,52,95,86
4957427519;3955;True;120,76,37,44,84;121,42,21,69,66
4957471214;5564;True;76,37,48,62,21;84,93,5,99,71
4957388708;6422;True;121,70,98,73,71;96,62,76,14,9
4957389215;5075;True;72,101,45,91,52;54,104,21,112,40
4957323119;5443;True;56,32,76,84,19;7,96,106,11,27
4957397203;4984;False;7,86,26,2,70;62,121,51,73,23
4957398307;5065;False;99,106,67,72,53;4,7,76,75,16
4957329801;5075;True;7,21,68,63,104;3,2,74,18,110
4957331412;5745;True;33,8,104,74,102;64,88,48,49,58
4957399105;5232;False;42,31,86,23,97;129,14,7,56,40
4957453803;5238;True;8,14,79,105,21;27,70,58,17,51
4957432004;5385;True;68,100,113,60,106;17,129,110,1,84
4957348902;5439;True;86,58,107,2,93;59,37,110,120,63
4957349708;5106;False;7,39,99,86,8;37,70,62,129,120
4957474608;6320;False;53,10,7,12,37;84,61,54,86,14
4957433905;4390;False;120,1,34,101,121;73,40,51,111,4
4957457204;5652;False;19,42,80,111,70;83,56,121,98,41
4957407709;4481;False;111,34,8,27,2;88,81,105,120,37
4957476715;5045;False;31,17,110,25,93;11,83,37,8,19
4957367202;5201;True;60,74,95,26,32;83,21,84,28,10
4957370004;4761;False;54,7,37,71,34;2,74,93,111,61
4957410214;5024;True;86,93,120,65,9;8,38,31,74,7
4957418610;5318;False;22,14,111,52,6;7,5,17,54,9
4957272500;5195;True;21,52,5,76,98;49,112,69,105,70
4957376801;4498;False;20,4,11,33,120;38,41,19,121,74
4957278009;4497;True;21,7,61,30,42;41,22,14,2,31
4957394208;4028;True;53,73,19,27,93;18,83,5,114,21
4957350808;3896;False;129,50,112,11,113;1,104,68,114,27
4957324317;4996;True;72,28,76,5,14;93,86,74,83,104
4957325216;4728;False;22,41,53,7,5;101,42,62,84,34
4957359718;5488;True;7,14,12,43,37;121,95,39,28,112
4957277103;5034;False;2,70,89,13,22;95,19,104,74,26
4957284303;4891;True;112,5,106,28,42;46,68,120,19,114
4957287815;4070;True;129,74,26,91,114;37,41,33,2,19
4957289702;5265;False;75,111,94,62,29;83,106,79,36,119
4957291610;5056;True;14,64,41,92,62;21,37,100,93,30
4957292305;4918;False;101,61,99,26,54;27,100,98,14,9
4957298519;6310;True;19,110,74,101,93;111,83,46,104,41
4957303409;5111;False;106,7,109,40,52;8,59,86,5,92
4957305718;4266;True;42,76,86,91,16;7,60,54,68,74
4957318517;4967;True;93,86,42,45,5;106,79,18,25,36
4957334510;4927;True;20,77,52,38,27;73,19,62,111,23
4957334519;5163;False;92,86,14,45,15;98,30,18,113,103
4957339604;5845;False;81,5,98,84,48;121,106,74,14,93
4957271508;4955;True;25,111,76,104,42;114,68,71,61,14
4957367903;4652;True;8,4,31,57,86;71,60,76,26,114
4957375813;5033;True;106,45,75,71,14;93,76,119,50,16
4957385209;4591;True;114,26,71,1,113;44,27,31,17,104
4957400603;5487;False;15,101,91,25,99;3,1,86,36,84
4957401200;5084;False;100,93,23,120,121;22,14,64,52,1
4957380116;5307;False;50,102,73,93,75;5,114,12,19,98
4957380718;5146;True;18,11,14,121,107;21,120,68,36,114
4957381416;4936;True;25,83,104,1,37;93,3,99,19,77
4957349314;4728;False;57,34,27,73,19;14,25,70,9,5
4957287319;4154;False;36,93,53,5,21;4,37,23,129,86
4957346501;5031;False;84,48,73,54,14;3,42,16,100,74
4957388411;4752;False;114,27,86,16,11;26,104,62,8,22
4957341201;4439;True;109,119,73,31,21;64,93,16,114,60
4957334908;4813;False;104,105,56,78,86;61,22,42,37,83
4957388910;4235;True;37,41,84,34,112;93,86,92,62,45
4957315912;5101;True;61,71,2,41,84;62,91,119,102,76
4957390610;4104;False;3,42,113,25,84;60,121,89,21,27
4957275905;4533;True;93,68,17,110,105;8,5,119,97,65
4957308518;4946;False;96,54,52,21,25;78,68,39,84,63
4957398016;4694;True;16,93,114,27,88;76,71,49,18,25
4957298216;4921;False;7,27,18,28,99;14,87,89,22,64
4957398808;5278;True;100,41,36,27,73;21,71,81,17,83
4957398809;5121;False;1,13,51,110,2;11,70,62,28,66
4957295012;4110;True;34,97,10,71,3;36,106,100,48,96
4957372819;3564;True;121,101,58,41,39;10,19,36,26,104
4957354906;4985;False;119,129,101,42,76;86,121,96,106,12
4957352116;5174;True;41,7,46,3,26;28,74,5,93,100
4957380114;4577;False;26,74,121,2,15;31,99,77,114,91
4957318110;4290;True;18,69,9,79,17;7,121,39,22,10
4957325010;5093;False;104,88,25,42,64;83,86,7,4,17
4957298217;4065;True;71,87,93,55,17;54,76,19,3,96
4957294211;4252;True;7,37,54,96,22;112,60,93,39,11
4957295015;4000;True;71,120,93,25,26;41,73,47,20,53
4957297814;4553;True;34,129,62,70,84;52,14,98,37,12
4957270603;4394;False;120,58,25,14,54;73,129,100,50,69
4957286211;4659;True;14,73,54,84,96;65,26,93,82,60
4957285401;4040;True;28,54,62,5,4;26,93,10,119,104
4957301906;4710;False;14,59,44,98,85;62,42,16,5,106
4957285210;4796;False;67,119,34,129,103;32,96,92,75,40
4957304016;4531;True;30,2,19,1,86;84,114,89,7,66
4957305409;4302;True;120,76,100,114,31;93,107,16,79,17
4957340312;5094;True;121,5,75,99,49;84,110,12,23,9
4957313219;5257;False;64,13,14,78,70;31,46,98,19,93
4957280711;4907;False;8,61,9,26,120;86,101,54,76,7
4957276608;4391;True;120,31,100,44,25;81,109,84,38,36
4957274702;5561;False;25,29,62,14,86;68,129,121,44,9
4957331007;4678;True;68,10,112,14,11;27,83,78,76,93
4957289404;4733;False;72,25,111,9,129;110,27,36,57,15
4957340901;5194;True;11,71,59,38,37;46,19,121,5,93
4957301314;4947;True;66,2,23,74,56;36,114,95,14,26
4957300611;5062;True;67,25,62,49,14;120,76,41,99,30
4957281118;4746;False;62,11,34,14,26;92,129,48,20,84
4957280819;5076;True;81,22,5,15,62;28,94,71,76,50
4957292410;5590;True;27,28,47,66,8;75,5,25,2,41
4957336901;4567;False;29,41,113,101,27;75,120,34,89,31
4957287205;5623;False;1,64,119,21,34;63,30,129,25,20
4957288317;5043;True;100,120,21,75,93;114,1,121,38,31
4957293402;4778;True;101,93,68,26,98;53,111,13,7,81
4957290119;4354;True;29,88,76,12,30;111,93,101,36,69
4957307518;5014;False;16,46,119,42,50;34,120,41,90,83
4957311706;4598;False;101,70,96,111,11;129,113,5,93,31
4957336919;4486;False;23,16,56,50,102;84,25,60,10,121
4957292712;4809;True;61,26,7,62,106;27,99,114,75,8
4957295306;4524;True;84,114,21,22,25;12,69,5,19,106
4957327804;4509;True;19,21,84,110,70;8,71,59,129,27
4957329504;4517;True;21,80,18,27,5;56,37,71,70,96
4957292915;4767;False;5,1,73,120,62;50,98,30,21,4
4957287812;4536;True;84,19,58,35,73;8,14,21,68,114
4957315701;4101;True;56,41,51,73,87;106,22,18,84,21
4957301317;4854;False;72,34,9,6,90;114,51,105,56,30
4957274303;4511;True;106,110,27,121,12;84,42,21,113,5
4957334107;5232;False;39,23,26,129,106;93,87,120,21,83
4957319418;4321;True;75,14,82,72,101;71,61,106,27,99
4957282206;5249;True;129,12,25,14,39;74,54,5,51,84
4957301815;4329;False;21,41,59,30,87;64,54,11,7,5
4957321118;4637;False;5,84,9,47,67;93,60,73,19,86
4957270819;5586;False;114,35,9,84,7;101,51,26,58,44
4957272712;4890;True;19,23,54,25,56;5,26,120,59,8
4957308002;4939;True;78,14,42,121,22;36,33,55,71,98
4957282410;4134;True;37,22,42,14,35;25,74,38,41,75
4957432313;4749;False;129,80,121,32,63;21,4,26,16,83
4957418117;4472;False;25,21,114,79,72;63,107,14,75,12
4957424111;5473;True;14,106,54,21,5;19,39,2,44,121
4957426010;5149;False;14,16,31,93,76;8,19,129,26,22
4957286009;4888;True;50,22,39,18,46;7,2,93,73,30
4957285215;4631;False;100,8,76,101,121;111,88,44,58,7
4957274800;4502;False;121,98,71,26,42;74,41,105,114,14
4957291809;4838;False;50,93,56,30,2;102,74,9,14,68
4957279113;4523;False;41,101,87,5,16;89,75,34,65,37
4957288105;4180;True;121,22,104,1,35;3,9,71,54,56
4957289514;4538;False;37,104,21,106,93;14,13,27,10,51
4957290712;4486;True;28,100,48,75,21;26,56,25,60,6
4957292807;4917;True;7,39,23,44,26;106,104,73,120,74
4957293506;4712;True;9,77,93,37,88;107,14,56,74,75
4957295513;5234;True;83,27,21,74,106;39,5,22,81,53
4957302710;4022;False;20,11,22,14,1;120,100,87,46,70
4957298518;4282;True;5,41,9,120,25;28,14,68,93,86
4957282805;4470;True;110,106,77,36,7;64,60,8,84,9
4957282018;5254;True;71,45,42,39,111;18,84,25,48,11
4957301604;4239;True;39,1,105,23,119;86,29,4,76,56
4957291217;4557;True;9,129,8,17,88;106,7,87,45,1
4957290916;4073;True;20,111,22,107,67;68,34,1,119,62
4957300104;4271;True;18,21,11,50,14;101,71,16,56,112
4957294112;4583;True;95,45,47,107,18;70,23,101,7,27
4957286408;4536;False;110,26,1,19,102;67,42,40,27,14
4957296618;4008;True;114,26,93,91,76;112,9,104,74,95
4957289808;4590;True;2,6,39,19,84;90,114,57,26,21
4957297701;4938;False;1,69,86,27,17;2,114,76,21,32
4957284114;4051;True;68,77,8,29,102;9,25,120,75,6
4957273704;4517;True;93,121,34,96,26;14,112,114,22,9
4957298013;4365;True;32,25,113,79,99;27,54,110,7,26
4957278614;4441;True;120,119,14,106,70;79,21,42,2,25
4957271509;3817;True;89,17,27,105,47;101,93,8,41,106
4957271319;4233;True;26,56,8,100,97;41,120,74,110,87
4957299317;None;True;71,93,26,8,87;100,14,119,42,10
4957271006;4495;True;41,49,62,114,5;93,7,23,87,26
4957289113;4330;False;83,23,68,106,1;5,42,74,55,102
4957300102;4278;True;70,11,121,21,129;100,75,5,40,14
4957282315;4203;True;43,73,2,27,100;26,129,70,30,25
4957288515;4222;False;25,70,101,17,47;56,129,14,93,64
4957277314;4620;True;106,2,50,8,75;52,23,49,27,56
4957276300;3956;True;129,110,1,79,11;87,8,14,13,75
4957293316;4051;True;44,14,68,6,2;70,61,84,83,111
4957277519;4528;False;12,90,19,84,129;69,17,14,8,5
4957290411;3951;True;21,19,121,75,7;89,14,76,86,16
4957282108;5015;False;106,81,87,7,98;5,29,14,56,114
4957408218;4756;True;96,25,34,86,93;2,120,89,32,27
4957357217;5534;False;97,74,42,101,25;20,7,89,105,56
4957374815;4946;False;73,121,106,19,14;110,21,37,26,54
4957361110;5125;True;89,20,70,6,79;53,8,106,97,85
4957365817;4868;False;110,18,108,82,3;85,98,114,9,101
4957343608;4842;False;120,93,92,7,68;27,65,107,74,41
4957343316;5131;True;129,41,7,74,119;5,48,21,11,37
4957374802;4780;True;7,100,121,93,76;86,39,71,95,57
4957359515;4777;False;57,5,53,99,114;21,120,50,102,93
4957348819;4761;False;61,27,71,110,89;41,104,74,112,25
4957359810;5529;True;42,52,37,77,33;95,87,53,19,5
4957273310;4331;False;5,110,86,73,93;54,14,87,104,39
4957273402;4420;False;42,10,52,74,99;6,9,14,21,36
4957273702;4523;True;7,64,86,35,120;40,14,34,45,15
4957283915;4803;False;19,28,49,8,27;110,46,42,120,68
4957285104;4106;True;68,23,43,4,60;26,101,39,49,48
4957277400;4474;True;88,84,50,38,61;5,19,105,8,23
4957277602;4175;False;84,21,59,102,14;25,2,93,50,22
4957280913;4488;False;89,28,5,101,14;74,83,63,95,23
4957279216;4563;True;88,11,120,14,32;106,21,71,84,42
4957271601;4008;False;23,70,62,69,119;102,81,68,129,61
4957280008;3729;True;70,37,121,21,49;25,26,63,91,41
4957282900;None;False;7,5,84,10,21;74,86,31,93,2
4957276213;4414;True;9,58,32,3,121;69,44,26,75,14
4957275307;4185;False;86,93,110,33,25;75,27,8,32,21
4957270211;4515;True;7,75,25,5,42;8,64,74,98,87
4957277304;4234;True;75,47,120,63,42;21,50,7,59,93
4957272115;4332;True;129,26,55,11,8;34,6,79,91,56
4957281802;3821;False;120,23,70,25,27;41,102,106,5,108
4957273306;3903;False;73,20,71,18,31;107,75,55,109,74
4957281516;4638;True;108,1,71,106,64;70,119,40,82,14
4957270314;2928;True;99,110,112,34,83;70,7,21,73,121
4957285108;4452;False;14,5,42,17,101;84,18,77,79,25
4957270913;3779;False;27,93,74,21,71;114,3,99,4,25
4957277616;3645;True;31,56,16,88,19;99,79,10,22,14
4957271709;4230;False;14,84,27,23,8;40,25,121,93,69
4957274604;3548;True;74,18,65,86,8;25,26,11,9,93
4957271416;4172;True;50,19,8,22,39;14,76,1,30,23
4957272104;4323;False;101,74,42,54,21;6,79,14,11,30
4957277007;4607;False;2,26,11,62,4;70,73,120,79,25
4957285306;3946;True;121,90,41,69,26;73,93,50,51,80
4957270208;3821;False;37,14,61,1,34;108,74,101,17,106
4957270405;4285;True;84,129,81,98,14;25,2,5,18,26
4957271506;3110;False;21,3,30,129,54;9,96,106,110,43
4957271706;4323;True;55,22,7,9,8;93,84,11,45,16
4957271915;3313;False;86,101,22,120,44;102,14,26,54,20
4957271918;3351;False;93,7,64,17,53;104,5,14,79,44
4957272113;4149;False;61,27,56,68,120;100,5,32,21,74
4957272901;3504;False;34,88,121,129,93;114,29,9,4,5
4957274306;3887;True;6,9,37,113,23;53,102,19,106,48
4957274508;4210;True;55,21,1,86,71;106,14,8,69,26
4957274704;4338;True;68,21,67,7,106;120,10,64,84,26
4957275012;4163;True;39,120,121,15,50;21,102,59,40,17
4957278411;3920;False;56,101,14,68,110;64,108,97,76,10
4957278715;4416;False;120,41,111,101,22;59,99,14,93,26
4957279116;3652;True;14,64,8,71,61;27,7,70,106,84
4957279513;3947;True;114,29,14,111,17;84,107,101,93,55
4957280007;3884;False;60,84,57,67,98;102,19,14,7,36
4957280915;3718;False;18,42,43,50,7;2,26,64,8,114
4957281003;3893;False;74,36,8,16,3;87,19,129,1,34
4957283516;4664;True;26,110,15,51,120;23,16,54,86,7
4957283810;4483;True;8,74,96,112,23;29,14,17,93,120
4957284517;4002;True;18,14,110,37,21;81,20,114,32,35
4957285008;3776;True;37,54,28,106,84;107,27,85,75,8
4957269701;4062;True;64,34,104,89,14;85,120,90,1,21
4957273019;3824;True;17,67,55,84,75;71,16,25,44,48
4957278613;4290;False;83,77,52,14,11;36,37,39,75,81
4957276607;4081;False;99,114,120,112,121;93,106,7,100,50
4957275100;3674;False;27,101,11,18,120;81,23,64,71,56
4957282406;3801;True;18,36,79,100,89;39,16,30,106,87
4957278705;4070;True;49,51,73,84,56;48,74,7,119,14
4957273300;3534;False;25,104,121,61,8;75,2,106,3,67
4957279015;4249;True;74,99,93,7,86;26,21,70,34,14
4957277100;3950;False;19,41,121,113,84;1,74,5,50,108
4957281818;4071;True;26,23,107,21,56;79,14,99,13,1
4957273016;1879;False;81,91,55,72,17;44,47,32,26,94
4957276201;4212;True;18,44,9,101,69;86,104,39,32,105
4957275109;4383;True;11,23,102,75,8;22,37,44,7,36
4957272904;3783;False;73,25,84,59,28;54,34,119,51,2
4957273219;3733;True;88,14,21,8,36;86,48,26,120,74
4957276610;4100;False;17,50,113,120,87;8,5,108,121,114
4957277811;4045;False;2,73,75,21,14;114,30,93,7,16
4957279300;3279;False;4,38,26,73,53;93,112,23,62,21
4957278611;4328;False;7,10,99,86,21;103,70,89,22,2
4957276215;3735;False;55,101,31,54,23;61,86,50,63,96
4957270007;4415;False;93,21,129,25,71;50,49,7,95,47
4957273103;3974;True;30,70,58,14,22;17,57,75,63,18
4957280305;3982;True;109,99,86,40,106;11,64,26,67,69
4957275500;3948;True;26,73,35,7,28;56,41,107,27,52
4957278004;2967;False;6,50,96,21,26;73,110,104,76,31
4957322313;3960;False;23,4,7,26,29;86,37,114,19,93
4957304018;4360;False;56,71,7,47,26;21,106,120,89,84
4957314502;4675;True;39,48,91,61,27;104,100,7,34,8
4957326214;4414;False;86,36,14,28,21;9,87,98,6,25
4957322915;5372;True;21,93,97,5,120;104,86,31,73,42
4957314117;5032;False;27,97,52,86,23;54,121,114,79,74
4957306013;4092;False;28,50,120,42,74;82,2,68,1,37
4957318810;4496;True;87,76,54,84,108;91,16,121,70,25
4957319114;4641;True;8,98,75,5,61;42,31,23,108,37
4957310219;5111;False;16,35,107,5,93;2,75,100,8,76
4957308805;5212;False;78,50,7,44,22;74,73,26,14,104
4957320612;4859;False;16,62,14,114,13;70,106,111,36,30
4957270118;3929;True;121,27,2,46,93;14,29,26,101,9
4957270008;4163;True;54,21,14,129,75;62,93,59,96,30
4957276206;3280;False;74,120,57,14,49;88,6,46,68,30
4957274912;3662;True;119,16,39,93,86;69,26,9,1,36
4957278508;3664;True;73,84,63,109,19;114,94,99,9,7
4957277605;4166;True;56,21,14,102,6;42,97,19,61,68
4957273816;3775;True;54,74,84,41,21;47,65,22,5,12
4957270111;2954;True;7,65,84,68,16;75,106,54,50,34
4957270005;3466;False;25,30,28,65,114;106,64,74,112,21
4957269906;3421;True;74,47,48,63,75;10,14,13,40,42
4957269903;2962;True;1,34,25,104,64;17,95,68,105,42
4957270115;2643;False;2,30,49,45,84;72,50,36,22,14
4957269909;3457;False;17,100,60,18,121;14,62,22,29,6
4957269703;4156;True;23,69,44,119,3;27,42,11,9,50
4957270116;3868;True;54,34,1,20,92;27,74,93,120,26
4957269912;None;True;9,27,21,33,18;94,8,86,111,104
4957270009;2094;True;30,26,54,104,11;110,67,101,14,87
4957270113;None;False;98,9,3,57,114;14,67,23,88,8
4957269704;2276;True;84,26,14,106,1;39,72,55,87,5
4957270011;3034;False;42,18,8,25,9;21,37,1,56,19
4957269900;2710;True;112,104,11,21,114;76,30,79,41,40
4957270004;1415;True;63,5,69,32,90;76,107,71,22,108
4957269700;1186;True;28,72,26,17,50;93,22,99,14,62
4957269803;None;False;49,88,30,61,105;99,108,62,6,72
4957270019;None;False;41,91,50,44,56;42,23,58,22,71
4957274105;3892;True;14,25,114,41,79;20,76,73,63,84
4957276200;3445;False;4,86,98,64,58;106,26,18,121,14
4957270704;3594;True;93,102,2,74,83;112,14,120,70,86
4957273105;3867;False;73,27,72,86,129;23,121,10,26,60
4957277707;4187;False;129,105,81,74,5;21,113,34,71,53
4957276101;4263;False;88,76,8,53,121;18,23,5,80,84
4957361709;5045;False;119,121,109,14,84;96,3,8,83,76
4957493117;5079;True;30,22,16,1,106;36,51,46,8,5
4957273405;4287;True;101,70,8,83,23;7,84,27,95,37
4957272000;3672;False;47,93,40,119,84;14,109,96,101,86
4957275102;3413;True;14,75,74,25,56;84,86,54,6,23
4957273617;3636;True;11,32,119,42,7;51,21,99,26,41
4957274213;3879;False;7,105,59,121,9;47,54,58,90,25
4957272718;2105;True;34,73,104,47,19;54,74,26,7,129
4957270218;3482;True;85,112,18,74,103;9,36,14,41,64
4957273013;3812;False;37,25,14,8,110;51,119,70,31,74
4957274404;3179;False;106,9,36,44,26;93,19,91,68,73
4957274509;3417;False;106,120,5,18,84;14,93,30,36,21
4957274613;3367;False;14,105,84,63,8;77,20,99,68,74
4957276203;3567;False;5,35,28,25,114;74,54,2,20,75
4957274916;3262;True;29,14,74,93,37;104,121,70,102,36
4957276209;4084;True;106,26,110,70,108;32,14,11,27,54
4957273803;3028;True;114,3,22,84,8;113,88,1,5,7
4957272616;2941;True;5,68,42,113,44;72,71,56,102,75
4957273619;3212;True;70,119,84,101,44;8,37,96,55,95
4957274100;3557;True;129,74,79,84,8;70,18,82,36,30
4957272410;3126;True;32,104,58,14,113;22,119,75,67,83
4957272215;2959;True;21,121,82,7,1;25,93,2,84,110
4957270213;1835;True;112,26,28,22,94;41,74,50,48,3
4957271018;3205;False;25,1,9,114,27;10,56,64,86,29
4957276004;3715;False;114,5,84,113,108;14,50,74,54,129
4957274401;3700;True;113,81,9,20,70;13,8,102,26,19
4957270607;4418;False;50,26,9,15,86;64,71,74,2,63
4957274615;3686;True;39,48,62,28,20;84,32,106,14,15
4957271102;3879;False;4,83,34,62,14;93,61,57,84,65
4957275413;3399;False;26,5,70,2,74;22,47,73,50,71
4957275419;3254;False;114,10,5,19,80;121,71,17,21,93
4957273416;3706;False;44,121,7,30,73;27,74,91,36,42
4957275819;3911;True;75,74,20,93,2;28,6,35,29,50
4957272417;2691;True;5,114,82,102,70;129,8,14,21,68
4957274705;3624;False;99,48,26,50,73;28,93,7,21,85
4957272413;2766;False;30,17,54,84,14;121,10,5,129,21
4957273808;3768;False;90,33,114,70,50;19,106,86,42,83
4957273506;3252;False;84,44,76,9,14;61,4,75,7,99
4957273311;3690;True;129,23,88,99,48;21,49,22,8,28
4957274310;3726;False;106,2,105,59,26;14,9,98,42,64
4957275108;2034;False;121,129,47,25,93;34,99,66,41,37
4957272710;3459;True;119,19,79,6,82;11,57,14,99,48
4957272812;3003;False;41,34,58,19,21;109,9,14,11,27
4957272803;3355;False;23,20,8,71,50;5,60,107,21,12
4957275209;3106;False;52,3,51,8,106;110,25,44,84,69
4957273907;3042;True;14,105,104,5,67;27,74,21,70,12
4957273817;4311;False;25,74,18,120,90;11,21,14,3,54
4957273615;3365;True;104,27,37,35,1;120,84,22,119,8
4957306919;4445;True;37,74,104,42,84;34,112,95,110,19
4957272013;2901;True;121,22,14,114,60;54,62,47,68,7
4957271000;3724;False;27,14,8,16,7;71,26,11,110,82
4957272212;2401;False;84,53,102,16,111;7,79,104,1,17
4957271714;3708;False;14,84,6,28,21;11,8,19,40,41
4957272015;3579;True;102,104,68,59,8;14,70,99,5,73
4957272100;2133;True;27,59,5,1,6;44,22,50,108,7
4957270612;None;True;74,7,44,14,105;34,37,63,73,27
4957270611;3788;False;13,68,99,26,62;27,70,74,2,8
4957270803;2675;False;112,121,35,21,34;26,38,93,7,82
4957272012;2702;True;1,99,50,106,20;29,101,30,75,93
4957271805;3522;True;44,11,50,14,105;16,85,19,9,74
4957271100;2723;True;105,99,8,46,75;73,47,25,35,23
4957270519;1993;False;31,41,76,9,129;1,5,71,49,47
4957270706;3939;False;106,7,50,26,44;119,53,27,2,80
4957271807;2691;True;42,109,39,64,14;59,11,86,67,27
4957271617;2940;False;77,56,52,35,43;104,14,84,99,21
4957272106;3794;False;113,99,3,21,88;30,114,96,14,35
4957271511;2341;False;107,34,93,31,96;129,27,26,56,104
4957271011;3489;True;44,5,2,52,13;7,46,8,62,68
4957271312;3911;False;105,101,14,41,31;8,30,22,78,21
4957270707;3067;True;32,84,48,14,34;75,105,47,129,41
4957272209;2642;True;5,1,39,120,100;21,102,31,59,48
4957271606;2475;True;71,26,21,41,73;25,129,1,84,14
4957270703;2927;False;46,14,1,84,48;32,101,4,26,74
4957270801;2518;False;14,74,2,1,26;9,99,8,21,23
4957270609;3349;True;11,93,14,7,75;21,53,3,67,25
4957271804;1508;True;5,56,12,26,120;33,79,23,74,7
4957271711;2915;True;17,37,8,86,99;14,120,74,98,89
4957270518;2486;False;121,41,28,64,34;26,54,67,43,75
4957272105;3128;False;31,74,8,96,5;26,32,46,14,42
4957270412;1069;False;60,32,74,62,90;14,36,22,59,44
4957270414;2867;False;59,100,110,74,44;97,98,22,1,112
4957270613;2788;True;14,34,42,27,114;41,5,104,25,53
4957271209;1850;False;109,18,17,75,27;30,99,104,21,48
4957270319;3590;False;34,3,69,102,113;114,99,64,84,36
4957270705;None;False;48,31,21,15,35;129,74,5,44,60
4957271200;3171;False;22,93,11,26,129;9,56,15,121,17
4957271501;2390;True;42,109,26,14,74;22,96,48,31,30
4957271513;1998;True;120,93,50,34,51;26,30,56,74,41
4957271514;None;True;5,14,41,84,11;35,28,121,93,90
4957271607;3391;True;74,110,26,100,41;107,67,27,61,78
4957270617;2754;False;55,26,82,71,10;16,27,81,13,7
4957271512;None;False;12,25,14,72,7;88,75,86,120,42
4957272205;3156;False;17,2,35,20,8;39,104,121,109,101
4957271717;None;False;14,72,62,43,86;99,7,27,39,70
4957271315;2142;True;95,50,51,35,69;103,75,34,16,8
4957270417;2724;True;64,8,76,26,14;30,28,71,41,65
4957270802;2739;False;43,69,83,18,21;32,35,67,2,64
4957270804;2332;True;31,114,108,84,93;14,21,49,64,106
4957272010;1623;True;64,11,49,54,88;8,42,16,75,101
4957270515;2058;False;103,64,106,34,26;44,121,74,85,50
4957271017;3756;False;47,56,41,14,27;21,96,1,75,84
4957272210;1918;False;39,100,14,32,54;20,67,10,5,49
4957271009;2209;True;9,14,64,59,2;38,102,50,41,56
4957270602;2460;True;96,60,121,114,94;7,57,113,1,75
4957270409;2310;False;26,41,40,104,39;121,83,73,21,70
4957271318;2966;True;93,2,73,14,27;96,104,44,41,26
4957271207;None;True;70,25,100,28,104;73,14,21,90,60
4957271803;3018;True;11,56,84,68,14;48,106,5,33,28
4957270910;2265;False;85,104,79,34,120;119,81,8,26,25
4957270616;1277;False;69,30,35,18,61;62,43,36,48,86
4957270818;2543;True;69,114,12,75,17;14,41,36,110,65
4957272009;2600;False;98,85,95,106,86;63,33,21,9,35
4957272208;3158;True;8,2,93,5,15;36,75,25,73,4
4957272011;1960;True;35,84,21,4,73;114,5,56,14,9
4957271713;2505;True;10,129,21,73,47;74,9,15,77,59
4957270416;2436;True;4,27,104,39,57;19,25,44,36,26
4957271014;1644;False;93,68,84,47,36;9,28,14,121,4
4957272214;2219;False;114,71,99,42,92;34,47,1,84,57
4957271211;1902;True;73,40,71,72,111;5,74,21,129,8
4957270909;2210;True;94,84,99,44,105;26,72,32,45,42
4957271013;3611;False;75,42,5,22,84;6,88,48,104,35
4957270916;2359;False;121,44,74,8,7;10,22,110,105,61
4957270610;2398;True;62,5,8,97,7;64,81,77,14,44
4957270815;None;True;44,14,22,5,99;26,45,35,21,41
4957270606;1939;True;84,5,93,114,59;14,6,64,42,50
4957271019;1355;False;75,112,17,14,89;35,68,104,27,94
4957271608;None;True;26,101,108,44,14;11,106,96,63,76
4957271914;None;True;9,89,8,37,35;103,78,28,4,40
4957270709;None;False;84,81,21,94,26;4,25,18,5,9
4957270500;1243;True;50,28,86,14,93;25,104,63,69,112
4957270501;470;True;25,61,95,32,71;33,36,82,19,52
4957270917;1988;False;6,35,42,68,45;32,21,18,74,90
4957271919;2005;False;5,13,14,74,121;84,2,101,28,44
4957270911;None;False;1,84,14,101,12;94,31,28,26,32
4957271801;None;False;46,14,54,30,26;6,105,104,5,89
4957272109;987;False;22,111,38,41,63;32,39,104,20,25
4957271708;None;True;25,21,63,9,15;74,27,62,28,114
4957272111;1561;True;42,34,102,11,5;114,22,14,16,2
4957271616;None;True;14,101,129,35,50;114,37,53,113,74
4957271618;1292;True;41,36,21,44,101;47,35,53,2,64
4957314301;4143;True;25,42,99,30,100;1,31,104,121,36
4957284416;4431;False;4,97,28,1,104;33,36,7,8,19
4957281504;3577;False;88,73,99,110,5;39,52,6,84,121
4957287718;3857;False;108,27,8,86,114;56,121,2,84,120
4957290918;4429;True;53,17,21,90,114;2,20,26,76,1
4957286316;4490;True;68,21,93,120,101;114,87,9,63,129
4957287515;4399;True;25,37,88,22,18;70,5,36,39,26
4957287700;3528;True;104,91,114,5,22;44,129,14,50,34
4957290507;4107;False;73,60,70,119,68;37,12,21,120,5
4957290710;4285;True;26,64,93,59,25;113,84,105,8,102
4957286200;4302;False;9,84,14,44,2;129,93,30,39,23
4957290716;3819;False;8,101,27,69,9;71,42,25,54,5
4957290906;4180;False;104,25,86,18,29;6,38,14,84,75
4957292600;4045;False;96,93,84,76,9;14,74,41,30,50
4957342518;4464;False;27,21,34,4,71;48,107,96,22,87
4957343012;4875;False;99,68,39,64,44;84,49,21,93,5
4957343604;4761;True;85,90,106,21,41;55,119,74,63,103
4957344315;4429;False;10,21,39,62,119;31,121,34,2,44
4957272713;2969;False;67,44,25,27,39;73,18,34,111,121
4957272218;4090;True;21,74,37,26,8;86,28,43,10,96
4957274215;3370;True;9,21,44,31,102;41,28,27,25,86
4957273401;3437;True;30,74,42,57,27;105,22,43,12,62
4957272504;3288;True;119,67,39,14,11;26,32,23,101,93
4957273809;3172;True;74,111,12,25,2;102,84,50,34,54
4957273500;2125;False;71,114,3,48,34;51,67,26,113,91
4957273807;3474;False;94,75,32,16,104;2,41,26,22,14
4957273706;2756;False;106,13,25,86,9;34,52,53,10,19
4957274019;3258;True;93,75,17,99,88;109,61,69,23,28
4957273211;None;True;35,10,7,65,30;58,84,111,114,56
4957273010;2938;True;9,36,14,26,44;59,27,64,114,16
4957273404;2927;False;21,53,96,50,48;36,93,83,23,114
4957273417;2636;False;26,74,54,69,14;30,5,34,96,18
4957273909;3502;False;110,8,45,120,27;40,95,14,5,73
4957272305;3357;True;101,91,5,93,104;17,36,60,14,50
4957272601;3391;True;81,64,104,5,82;106,26,77,14,58
4957272600;2549;True;93,21,42,35,27;94,63,76,14,86
4957274015;2588;True;54,88,59,21,50;14,40,114,99,37
4957273400;3116;True;23,2,30,9,12;28,56,49,87,14
4957274217;3027;False;64,94,1,11,23;21,67,39,26,32
4957273100;3351;True;7,91,53,22,12;9,44,19,26,39
4957272801;3255;True;9,73,129,30,67;112,43,21,105,114
4957272819;None;False;71,93,68,46,98;63,21,17,50,99
4957272514;3127;False;74,16,7,106,112;79,8,6,36,9
4957273304;2875;False;5,21,73,129,105;39,26,19,10,96
4957337202;3983;False;120,37,19,121,67;87,34,42,71,129
4957273213;3295;True;14,95,87,70,40;49,54,86,64,93
4957273707;None;True;32,73,47,5,19;129,64,62,26,35
4957273212;3383;True;21,84,62,49,23;19,40,25,76,93
4957308812;4303;True;40,10,27,36,19;11,86,7,8,104
4957308004;4611;False;73,86,100,10,98;75,50,14,95,16
4957308910;4148;False;101,93,99,57,21;31,121,16,42,34
4957273419;3189;True;41,5,61,26,60;70,100,74,50,39
4957278115;3221;False;73,120,93,74,26;58,70,4,27,60
4957276805;4311;True;120,1,114,27,66;101,50,17,96,42
4957277107;4255;True;21,110,41,37,121;8,84,78,75,17
4957277202;3165;True;21,26,33,94,62;87,42,129,22,75
4957277312;3628;True;14,86,70,37,51;43,22,33,121,95
4957277315;3036;False;14,41,12,105,5;25,67,74,2,7
4957277809;3464;False;43,6,121,129,5;58,119,14,21,75
4957277309;3538;False;41,26,82,78,84;44,75,9,104,11
4957277006;3659;False;35,25,52,2,104;119,61,50,21,41
4957277313;3641;False;14,35,16,27,6;30,2,42,56,50
4957278209;2821;False;111,25,28,31,93;86,3,14,8,74
4957277816;3659;False;79,4,62,57,74;14,129,101,7,54
4957286311;4706;False;84,35,14,8,7;67,121,107,22,69
4957287119;4128;True;40,49,5,56,21;26,39,129,62,72
4957287401;3479;True;5,120,34,42,84;7,26,41,110,106
4957286014;4086;False;56,28,52,93,26;88,83,39,70,58
4957288203;3742;True;9,114,16,121,93;102,50,25,62,81
4957356307;4633;False;52,25,56,99,5;98,84,120,109,86
4957272300;None;False;36,16,98,105,49;93,86,81,32,25
4957272301;2721;False;84,93,107,54,98;29,14,32,6,76
4957272303;2126;True;32,34,129,44,27;26,74,59,30,41
4957316304;4211;False;19,22,48,129,27;114,21,83,74,112
4957274312;2809;True;17,69,84,121,8;1,129,26,22,30
4957273014;2792;False;22,73,14,3,50;30,34,63,62,12
4957274003;2896;False;97,21,69,54,11;26,12,3,51,72
4957273703;2764;False;21,86,6,76,71;11,42,64,14,98
4957273406;2697;False;67,15,40,112,43;41,74,75,120,28
4957273302;2082;False;100,102,106,104,112;111,34,16,14,73
4957273917;1843;False;96,88,55,5,72;2,63,26,40,76
4957273101;1474;True;54,26,21,72,39;33,22,9,129,82
4957273118;3067;True;67,101,2,83,114;36,71,14,73,27
4957273216;None;False;81,23,9,4,27;33,89,21,70,30
4957273108;2467;False;31,70,5,17,16;14,74,30,75,104
4957273810;None;True;50,41,74,104,14;93,16,87,21,100
4957278408;3855;False;37,86,49,48,114;26,28,70,14,73
4957277614;3695;False;12,7,22,75,42;86,17,26,18,63
4957277104;4298;True;85,49,54,104,5;98,105,2,79,32
4957272409;2217;True;84,102,90,73,61;96,26,106,45,35
4957272306;None;True;5,50,59,109,75;47,45,10,12,4
4957272411;None;True;26,84,34,6,35;14,74,7,75,44
4957272414;2009;False;84,2,34,93,30;41,21,62,14,22
4957288801;3439;False;26,62,11,7,35;2,27,42,22,48
4957290104;3990;False;35,74,86,12,15;32,26,121,72,120
4957296117;4849;True;35,100,70,26,121;74,8,84,27,7
4957295714;4350;False;7,25,44,46,32;4,5,114,105,60
4957294604;3518;False;114,107,129,8,31;21,1,36,64,121
4957293511;3649;True;88,8,78,74,84;51,100,10,54,26
4957293603;4224;False;4,109,114,64,14;73,27,34,56,129
4957294207;4031;True;11,60,42,68,4;5,93,62,23,120
4957296118;4433;True;53,54,2,76,26;23,129,101,114,87
4957274507;3795;True;34,42,28,111,9;22,41,4,68,14
4957274405;None;False;85,8,21,63,83;41,50,75,45,28
4957273700;1232;True;80,26,61,105,28;31,14,81,2,46
4957273517;None;True;46,14,70,27,42;11,75,119,120,99
4957272918;2970;False;35,31,28,11,30;98,93,84,82,7
4957273802;None;True;29,39,26,70,14;98,87,1,9,25
4957272815;2661;True;73,14,26,70,81;7,50,5,18,74
4957274000;2117;True;30,40,21,23,18;20,81,5,114,96
4957272902;None;False;36,41,52,42,64;26,81,25,1,106
4957273815;1034;True;15,6,34,71,26;1,7,23,20,22
4957272817;2602;True;56,70,99,84,22;107,61,14,93,59
4957272708;2817;False;11,9,121,26,1;8,23,25,74,87
4957273812;1622;False;53,14,35,23,99;105,26,54,74,70
4957273811;None;False;7,50,81,8,60;34,104,2,27,35
4957274102;2523;False;36,94,26,6,129;67,61,51,102,7
4957273017;None;True;34,37,73,2,16;26,1,110,58,29
4957273107;753;True;74,41,88,32,84;120,7,14,8,5
4957273814;498;True;66,99,21,8,84;14,70,47,71,34
4957272811;1349;False;54,91,11,102,47;111,22,36,106,56
4957273106;1717;True;87,8,7,36,83;14,93,35,86,17
4957274104;2607;True;109,26,69,27,114;3,108,11,5,6
4957272905;1844;True;69,62,26,10,22;30,59,106,100,7
4957273905;None;True;47,56,21,41,4;88,17,109,57,22
4957273804;150;False;59,81,75,99,5;25,27,18,74,21
4957273507;None;True;73,19,32,68,26;81,74,105,113,27
4957274308;1770;False;8,77,18,46,1;4,11,62,114,89
4957272814;None;False;41,1,53,88,36;20,8,15,64,129
4957273919;None;False;104,17,93,31,26;45,50,129,41,87
4957273519;None;False;14,101,75,114,7;56,25,34,5,99
4957274202;1498;True;101,23,89,121,26;14,9,8,6,62
4957273805;None;True;67,56,62,26,18;53,2,74,103,5
4957273516;None;True;17,30,1,21,37;2,57,47,107,22
4957273504;1323;False;47,97,71,67,110;78,105,104,74,27
4957273813;None;False;49,61,105,107,1;21,42,113,71,26
4957274016;629;False;107,102,48,94,77;42,70,40,67,7
4957273102;None;False;85,44,70,42,26;84,35,8,78,63
4957274002;None;True;29,21,8,50,99;42,28,25,35,106
4957274315;1680;False;37,1,35,84,129;14,26,74,30,54
4957272900;None;True;61,28,101,105,81;83,5,32,14,35
4957274305;None;True;101,21,41,121,35;80,93,14,94,31
4957356810;4500;True;7,74,101,63,89;21,93,111,64,17
4957278218;3432;False;74,121,38,5,8;22,57,20,87,54
4957277710;3310;False;84,26,48,9,57;64,11,21,120,47
4957277603;3819;False;44,26,101,99,25;14,23,22,8,56
4957277607;3990;True;90,28,74,87,44;32,34,6,51,9
4957274807;3381;False;26,1,57,7,74;6,47,112,35,14
4957277117;3878;True;121,8,84,14,47;7,110,93,87,15
4957276702;3535;True;23,86,44,37,11;8,96,51,32,101
4957274914;3628;False;35,7,1,23,86;17,26,99,21,73
4957277109;3198;True;36,30,62,73,1;86,17,109,102,9
4957274803;3668;True;26,23,25,67,90;9,8,75,10,1
4957277215;3648;True;7,50,93,107,34;1,14,21,74,121
4957293508;3917;True;16,93,68,71,59;111,41,104,129,5
4957275405;3012;False;22,79,9,6,99;32,14,8,49,21
4957276506;3370;False;13,68,100,41,129;14,67,64,16,74
4957276606;3295;True;41,105,97,5,101;99,121,13,31,1
4957275103;2753;False;47,84,11,58,51;62,21,57,93,2
4957274605;4073;False;17,27,102,12,33;20,32,84,37,96
4957274804;3235;True;47,96,31,72,68;91,9,70,57,43
4957274707;2906;True;110,87,41,107,74;106,32,22,95,84
4957274618;None;True;28,8,41,26,73;93,121,49,82,7
4957275112;2660;False;73,21,108,22,54;30,63,12,62,47
4957274515;3146;True;5,32,21,7,54;19,10,26,14,74
4957275903;2895;True;74,23,26,105,21;27,22,70,98,54
4957276119;3442;False;84,9,93,71,101;21,25,22,14,54
4957276216;3147;False;109,2,106,84,83;20,41,57,69,39
4957276301;3195;True;86,6,5,48,42;9,74,41,31,2
4957274917;3400;False;21,8,30,34,129;50,67,9,74,14
4957275309;None;False;76,30,86,93,29;14,84,99,6,17
4957276411;2006;False;106,28,107,1,27;21,14,11,41,100
4957275107;2185;True;93,74,99,105,75;14,41,68,84,88
4957276218;2473;False;23,26,54,120,44;32,22,71,41,75
4957276117;2865;False;21,35,41,14,5;79,50,84,72,2
4957275016;3288;True;9,28,22,41,26;86,13,105,54,106
4957275308;3119;True;22,41,45,46,81;69,59,26,76,95
4957275401;3175;False;75,16,1,97,31;5,22,27,96,93
4957274619;4607;True;34,68,25,36,104;41,100,50,76,2
4957276605;3487;True;37,62,21,2,93;26,74,33,96,72
4957274805;4249;False;13,1,4,26,14;35,54,27,42,121
4957275202;2655;False;108,106,101,8,14;50,97,36,44,11
4957275607;2909;False;98,70,106,31,9;64,7,48,84,19
4957275105;2519;False;25,103,1,39,105;84,99,5,101,56
4957276018;None;True;9,8,73,90,38;86,25,6,34,29
4957275111;2323;False;28,61,50,9,95;98,109,102,37,101
4957276016;3538;True;99,75,44,33,121;26,84,95,120,11
4957274700;1388;False;106,41,21,75,100;86,62,114,11,7
4957320112;4325;False;96,42,3,34,19;56,26,53,60,22
4957275701;3811;False;121,42,52,60,105;102,83,8,100,74
4957275602;2990;True;81,5,28,73,26;87,129,41,34,52
4957275504;2772;True;68,5,104,81,39;35,49,86,6,84
4957275208;3578;False;69,30,1,119,75;120,14,26,86,41
4957274818;2643;True;102,101,26,14,60;32,25,104,41,74
4957275610;2765;False;84,109,23,31,58;85,57,22,21,81
4957274819;2974;True;71,41,56,14,7;48,1,53,104,34
4957278717;3905;True;84,46,30,73,96;27,101,16,93,98
4957279101;4180;True;9,14,30,102,54;27,76,21,96,48
4957279115;4426;False;87,25,7,88,68;121,36,5,14,6
4957279302;3774;True;110,5,94,28,21;84,39,83,8,7
4957278803;3544;False;46,6,68,18,66;50,41,101,28,86
4957279108;3293;True;69,83,75,11,18;12,26,2,20,22
4957279708;3386;False;19,93,88,5,82;111,71,41,108,36
4957280001;3995;False;1,107,16,76,26;75,50,34,129,42
4957280004;3704;True;88,72,104,5,21;14,93,120,17,27
4957279604;2832;False;86,114,129,26,35;25,22,14,18,19
4957274603;2932;True;110,43,37,54,56;87,64,74,21,98
4957274602;2413;True;89,32,27,68,73;30,34,28,12,43
4957274600;None;False;62,84,43,60,44;120,35,100,74,14
4957274203;1453;True;1,48,5,14,62;64,26,35,42,2
4957273914;None;False;40,26,28,101,35;93,99,53,84,22
4957274406;1052;True;42,101,114,35,9;21,26,71,58,15
4957278117;3460;True;62,8,84,59,14;108,70,64,76,41
4957278507;3015;True;60,93,79,23,62;120,109,71,101,11
4957277001;3656;True;104,101,91,88,72;25,19,29,67,30
4957277609;3336;True;120,34,1,71,86;105,50,22,95,74
4957277116;3892;True;105,97,106,67,3;36,54,26,88,71
4957278506;2839;True;14,68,81,22,98;84,16,67,28,73
4957277416;3504;False;23,129,84,62,70;16,31,12,9,10
4957277615;3154;True;93,86,79,21,76;64,48,41,26,47
4957282618;3522;False;62,26,23,8,120;30,106,21,16,98
4957280817;2805;True;107,8,97,21,16;14,108,39,93,88
4957282212;3817;True;17,50,40,14,8;95,2,19,74,121
4957282411;3780;False;10,16,84,42,36;52,27,11,15,103
4957281114;3350;False;93,104,100,26,74;4,2,32,23,5
4957274609;2193;True;99,91,42,48,60;94,75,52,102,36
4957274607;None;False;75,8,73,63,71;44,4,84,26,86
4957274610;None;False;26,43,89,36,21;44,96,15,32,34
4957281616;3368;True;105,54,60,113,37;96,74,102,22,40
4957377405;3770;False;93,75,60,22,14;77,5,4,101,43
4957278310;3620;True;9,99,22,35,93;15,114,45,23,84
4957277308;3374;False;100,73,14,69,44;18,98,15,62,87
4957277002;2723;True;76,8,58,50,102;5,14,19,23,12
4957278414;3709;True;5,93,63,73,37;68,62,42,80,44
4957278703;3587;False;55,50,73,106,22;21,40,29,8,75
4957277916;3179;True;73,3,7,46,62;22,30,56,96,26
4957277306;3108;True;87,114,2,113,86;70,29,68,11,9
4957276612;3330;False;50,26,81,108,25;84,87,34,2,6
4957276700;3118;False;2,16,48,39,79;93,36,7,89,105
4957275515;2763;False;6,14,112,62,19;92,104,58,40,17
4957275803;3056;False;6,120,73,42,71;95,19,110,34,32
4957275900;3211;True;82,5,14,99,23;58,93,87,113,26
4957275113;None;True;87,104,34,28,22;21,49,71,44,66
4957275219;2398;True;108,17,2,8,62;41,79,22,11,69
4957274919;2022;True;82,30,5,104,42;17,48,102,27,129
4957275301;2126;True;14,13,21,56,22;37,47,26,1,105
4957275402;4132;True;10,59,99,7,48;63,25,51,120,4
4957275018;None;False;74,28,2,56,100;39,22,21,104,1
4957274802;2366;False;30,41,94,14,26;71,99,8,74,27
4957275207;None;True;71,31,2,1,22;114,23,102,84,11
4957275303;2574;False;90,26,98,2,54;35,105,48,21,27
4957275904;2727;True;27,7,65,74,70;98,69,11,26,71
4957276204;2646;True;120,84,61,114,75;14,98,54,37,17
4957275310;None;True;22,8,101,15,94;7,1,2,23,11
4957276207;2705;True;26,28,19,71,44;18,47,112,1,73
4957275719;1199;False;99,59,61,26,42;41,35,62,2,84
4957275717;1603;True;104,25,5,14,73;13,23,101,84,42
4957275206;2166;False;119,5,81,98,17;111,54,59,100,47
4957275503;2930;False;29,114,101,94,15;62,121,104,129,11
4957275203;None;False;2,1,14,74,26;89,114,99,30,7
4957276000;None;True;71,31,10,39,45;104,21,7,86,34
4957275418;2490;True;99,84,26,18,14;114,69,94,75,5
4957274908;None;False;30,107,78,88,3;121,20,50,23,97
4957276006;1295;True;68,64,67,51,74;29,10,104,44,71
4957274909;1569;False;14,82,44,105,16;31,46,41,98,62
4957275400;1924;False;86,81,4,62,31;69,23,7,14,41
4957275501;1461;True;9,35,21,59,7;42,84,30,38,11
4957275608;2523;False;72,50,93,34,101;14,36,106,51,21
4957276214;None;True;44,108,36,9,121;67,34,110,85,14
4957274915;None;True;84,26,54,114,46;59,91,93,25,14
4957276202;2530;False;68,27,34,41,8;104,35,6,105,30
4957276002;2212;False;5,42,113,101,85;37,72,27,23,29
4957276318;1337;False;93,114,40,64,96;74,32,50,14,1
4957276600;2021;True;76,36,12,27,102;84,62,106,31,67
4957276604;None;True;82,41,31,9,2;21,14,1,27,8
4957276414;None;True;30,14,81,35,93;50,97,46,8,104
4957275110;1627;True;41,89,84,21,34;7,67,23,71,26
4957276217;None;False;74,113,103,8,96;3,62,30,22,14
4957275716;1500;True;83,58,8,14,57;35,25,66,96,7
4957277714;2778;False;28,12,84,61,26;42,25,106,22,33
4957278619;2626;True;59,109,14,5,129;41,103,114,101,57
4957278315;3232;False;25,47,86,9,6;37,97,16,58,8
4957277901;3505;True;7,129,3,28,96;2,12,31,53,36
4957278500;2192;True;49,14,74,50,44;36,90,72,98,101
4957277013;None;True;6,86,93,39,2;44,27,91,16,15
4957276602;None;False;73,74,5,112,8;7,34,104,30,14
4957275403;1628;False;5,46,27,60,54;31,111,2,89,74
4957276100;None;True;30,1,10,99,100;68,26,41,63,50
4957276415;2101;True;48,56,114,61,26;21,44,63,42,30
4957275519;933;True;26,32,45,81,17;84,4,12,21,36
4957275502;None;True;59,2,53,93,27;43,89,26,86,39
4957275417;1090;True;19,106,88,119,30;81,17,4,86,84
4957276212;None;False;46,4,63,16,104;29,54,98,73,5
4957275918;None;True;75,40,54,94,69;44,110,19,63,78
4957276502;1107;False;120,74,92,81,56;37,7,66,59,64
4957275906;None;True;41,14,1,63,84;32,71,114,46,26
4957275306;524;False;8,40,23,63,55;93,28,36,30,27
4957275901;None;False;21,82,53,26,114;62,104,101,71,30
4957280608;None;True;14,30,21,99,6;75,129,67,74,86
4957279109;3360;False;114,71,110,50,36;8,88,7,105,56
4957279318;3211;True;96,81,47,87,9;84,28,14,93,21
4957279218;2157;False;14,121,100,70,76;26,74,41,71,104
4957280404;2685;True;129,30,8,89,79;40,63,98,111,113
4957280614;3261;False;21,12,26,59,31;2,10,27,44,88
4957279203;4179;False;14,18,84,11,100;73,6,31,21,20
4957280611;2785;False;37,74,38,89,100;120,93,26,105,7
4957278801;3475;True;69,7,37,77,93;95,27,14,84,74
4957279204;2199;False;71,21,114,17,26;5,93,56,82,84
4957331715;4916;True;73,60,19,119,54;1,79,88,28,76
4957279018;3027;True;34,7,108,93,86;19,63,26,11,41
4957279016;2569;True;39,23,30,29,8;114,108,87,16,46
4957278806;None;True;65,7,44,26,58;73,41,27,121,8
4957279017;None;False;101,78,16,14,98;17,42,20,2,21
4957278911;None;True;21,88,70,30,42;56,15,26,9,8
4957298312;4359;False;106,120,25,104,42;8,91,36,121,19
4957297413;4351;True;65,75,7,93,68;79,58,62,8,73
4957297617;3698;True;9,87,114,42,110;23,121,106,60,25
4957298008;4856;True;73,7,22,42,111;23,11,44,32,121
4957278503;2062;True;105,48,28,21,37;14,64,104,102,22
4957278702;4276;True;27,14,9,2,54;44,28,84,75,72
4957277517;3158;False;86,7,74,93,129;11,15,6,75,100
4957277112;2279;False;69,81,25,71,86;56,21,45,64,14
4957278014;2379;True;42,71,74,86,98;2,67,14,106,21
4957278016;1715;False;47,8,119,9,28;41,76,48,25,11
4957277715;2952;False;26,7,10,104,41;21,35,49,62,93
4957277617;2272;False;84,5,105,102,81;95,97,44,41,37
4957277703;2222;True;55,51,72,21,26;119,96,31,22,41
4957277903;None;False;81,14,27,102,67;103,59,30,48,7
4957278119;3059;True;29,5,7,6,14;82,21,87,25,8
4957282804;3517;False;17,48,14,30,21;49,47,119,70,84
4957282405;3660;False;7,41,59,63,50;34,45,21,8,37
4957282809;3764;False;74,9,86,79,93;56,23,68,59,84
4957281019;3266;True;81,34,50,32,28;73,41,113,75,62
4957281819;2309;True;27,14,48,18,78;53,86,1,91,98
4957281401;3807;False;19,2,5,34,70;114,74,30,37,102
4957332315;4728;False;78,25,83,50,54;34,75,104,74,1
4957330204;4655;False;8,14,74,64,99;121,93,110,16,82
4957331601;5196;False;7,42,32,17,52;16,23,101,18,37
4957277118;3114;False;25,20,82,41,98;84,93,129,62,101
4957277711;2085;True;19,67,7,106,50;42,30,34,28,16
4957278017;None;False;103,29,27,81,21;50,2,105,93,74
4957277500;None;True;108,47,2,26,42;94,101,39,36,14
4957278504;2889;True;56,50,41,101,97;83,54,9,47,14
4957276817;None;True;32,47,9,14,105;37,11,16,42,120
4957277307;3386;False;5,114,7,71,82;14,104,41,64,34
4957277601;2204;False;71,99,34,114,26;109,75,74,104,88
4957278707;None;True;95,26,86,2,68;96,48,19,22,17
4957278113;2752;False;6,74,5,9,22;114,71,21,42,40
4957277305;3523;False;74,16,21,99,14;98,26,113,36,79
4957277316;None;False;14,5,8,21,22;106,25,63,84,2
4957277610;2032;True;21,14,48,129,32;28,100,54,30,39
4957278300;2183;True;6,71,32,17,119;114,35,99,101,21
4957277719;3221;True;85,14,16,35,19;30,2,97,18,5
4957277504;2563;False;37,44,22,78,58;9,50,36,46,8
4957303018;4576;True;53,110,12,112,101;8,74,66,37,129
4957305715;4798;False;43,74,93,63,121;28,71,101,70,73
4957308219;4379;True;91,54,51,82,8;110,112,105,2,6
4957298405;4239;True;20,76,107,44,58;19,14,106,37,95
4957297315;4407;False;106,14,40,102,41;75,79,73,9,120
4957277818;3666;True;108,37,84,76,48;8,42,21,50,23
4957277706;3221;False;36,15,44,10,21;32,67,7,102,74
4957277310;1836;True;72,28,26,8,68;98,31,106,58,74
4957277108;2154;True;16,14,30,57,93;100,21,81,84,40
4957277611;2833;False;53,6,107,84,15;75,22,16,98,41
4957277708;None;False;2,26,8,28,44;6,104,50,9,7
4957277111;1669;False;50,54,87,98,10;14,1,75,112,62
4957277017;None;True;92,30,44,40,84;114,64,36,120,89
4957277402;2955;True;84,89,30,11,70;75,58,83,109,22
4957277613;None;True;9,22,44,14,42;5,60,26,73,74
4957277201;2724;False;91,34,67,25,104;29,21,92,64,41
4957277211;1153;True;104,44,93,14,36;67,86,62,8,61
4957277200;None;False;44,32,14,93,15;62,101,11,35,69
4957277516;None;False;14,106,31,99,120;62,84,21,11,42
4957277812;None;True;17,73,84,93,14;22,26,21,74,8
4957277503;None;False;14,23,44,36,20;53,114,96,104,40
4957277106;582;False;27,98,21,41,90;2,54,74,5,32
4957277016;None;True;84,21,94,62,73;47,105,32,26,67
4957277814;674;True;106,96,71,68,1;21,46,14,31,100
4957277101;1439;False;21,101,14,46,93;75,104,26,106,8
4957277810;None;False;5,42,43,47,44;82,81,21,99,105
4957277404;2184;True;73,1,19,99,74;53,61,8,14,102
4957277712;1249;False;5,87,6,46,94;26,43,48,84,129
4957277900;None;True;85,99,14,95,64;34,21,108,110,50
4957277000;1471;True;106,36,121,7,53;63,71,51,101,31
4957277115;752;False;11,28,35,14,79;62,44,75,58,74
4957277501;None;False;21,32,104,98,111;42,22,70,35,20
4957277114;None;True;35,104,22,30,96;59,88,14,47,32
4957277014;1329;False;26,23,75,42,44;35,2,8,17,48
4957277718;None;True;92,42,4,32,50;112,51,86,114,18
4957284711;3899;True;14,121,37,17,93;35,111,88,129,52
4957283801;3756;True;17,58,14,70,101;8,61,68,64,108
4957284710;3971;True;34,45,101,93,14;37,67,49,108,90
4957283416;3380;True;40,6,36,17,7;68,8,14,50,85
4957284119;4014;False;8,7,129,56,84;9,108,54,22,64
4957284707;3440;True;21,41,5,84,129;39,26,51,1,66
4957283501;3826;True;44,84,8,25,108;106,114,64,100,23
4957283714;3571;True;68,93,114,13,129;121,7,67,79,74
4957283900;3826;True;114,119,129,76,27;3,75,71,98,8
4957283807;2918;True;9,61,98,41,64;4,14,108,44,107
4957283101;3734;False;121,76,23,107,44;14,45,30,18,25
4957283102;3939;True;72,104,25,13,32;76,44,21,60,68
4957283415;3470;False;100,3,68,93,81;18,19,36,27,119
4957283800;2949;False;31,8,16,86,39;114,37,129,1,101
4957283815;3372;True;105,110,93,84,11;54,36,22,100,129
4957280910;3549;False;93,26,14,61,7;8,27,2,110,101
4957279506;3057;False;21,31,45,2,70;26,1,104,52,23
4957279810;3991;False;121,67,37,21,69;3,14,73,42,16
4957280407;3894;False;104,14,101,73,100;23,43,93,64,7
4957280706;3074;False;84,9,21,60,6;104,14,23,79,70
4957280705;3552;False;8,34,110,111,30;114,21,1,71,68
4957279405;2069;True;59,9,121,106,51;56,101,7,5,37
4957280311;2724;False;22,85,49,42,23;62,8,39,45,108
4957280402;3807;True;84,44,14,32,21;113,5,34,31,62
4957280604;3734;True;26,32,102,6,110;21,108,95,30,90
4957281801;3523;False;108,41,50,17,110;10,27,74,7,16
4957284319;4008;False;42,71,26,75,84;14,28,105,70,37
4957288904;3890;True;41,120,27,11,86;84,33,104,73,93
4957287902;4051;False;21,14,26,7,8;100,77,35,5,120
4957286207;3234;True;7,46,50,84,44;21,5,114,113,3
4957287701;3563;False;84,73,5,33,93;14,42,45,31,86
4957286514;3859;True;22,9,14,106,110;74,129,5,41,32
4957285109;3332;True;42,96,9,35,26;14,121,41,74,104
4957333215;4618;True;10,88,2,90,34;81,100,50,93,5
4957281414;2891;True;26,94,34,100,84;81,82,74,68,120
4957284812;3600;True;96,4,86,48,40;71,109,106,14,38
4957284516;3400;False;46,121,14,106,26;63,27,31,8,92
4957283215;3125;False;47,102,37,53,93;14,63,68,74,28
4957280917;3521;True;101,93,36,84,40;67,26,98,14,11
4957283802;3116;False;79,28,105,10,70;14,120,54,22,26
4957282112;3683;False;87,50,53,74,99;21,8,101,59,14
4957283713;None;True;73,22,109,68,104;9,105,47,1,14
4957283017;2848;True;30,22,70,5,69;93,9,114,14,119
4957284400;2531;False;21,109,74,68,7;8,106,57,16,27
4957284702;3713;False;25,112,7,105,14;32,29,74,91,81
4957284703;4035;True;48,30,22,45,108;27,28,1,26,76
4957284813;2460;True;62,11,50,81,53;16,28,31,47,114
4957284817;2386;False;5,22,71,41,74;92,1,35,83,64
4957283412;4374;True;119,21,50,108,56;86,91,59,28,114
4957282500;2247;True;4,33,5,14,70;30,22,93,42,23
4957284610;3661;False;46,65,14,26,8;84,7,62,21,63
4957283702;3513;True;7,22,74,77,36;63,21,1,26,14
4957285017;3670;True;129,41,31,22,68;86,27,9,21,93
4957282710;2535;False;23,54,84,76,99;51,11,75,86,8
4957283717;3410;True;100,22,17,86,4;16,79,21,47,34
4957282213;2561;True;74,114,102,84,64;89,26,16,79,9
4957284201;2816;True;34,26,81,30,21;17,51,7,74,6
4957281201;2678;False;39,25,41,99,26;5,62,76,2,93
4957283313;3591;True;37,82,6,119,21;10,99,57,74,14
4957282111;3505;True;20,114,14,39,37;7,104,106,84,41
4957281816;3346;False;99,47,50,101,56;35,32,71,49,85
4957282409;2991;True;26,86,44,98,35;16,14,21,8,6
4957281716;2897;False;63,44,33,32,96;103,47,114,69,92
4957281811;3503;True;7,74,99,44,110;30,37,8,9,22
4957281014;2785;True;114,100,89,87,98;74,7,54,86,14
4957280308;3251;True;33,14,5,43,42;67,28,7,26,34
4957280418;3101;False;86,47,74,89,33;9,80,1,68,90
4957282700;2818;False;53,99,41,62,31;129,104,95,58,86
4957280702;None;False;7,106,114,93,5;21,101,41,27,108
4957281015;2911;True;43,120,93,85,2;21,11,26,44,19
4957280710;2455;False;10,75,87,74,78;42,21,84,29,121
4957279619;2388;False;38,29,74,109,47;105,63,52,26,67
4957279700;1989;False;68,61,63,14,81;8,5,30,51,99
4957280118;3561;False;42,7,36,26,120;2,8,27,84,74
4957281018;2822;False;37,21,110,17,93;106,114,14,47,26
4957280916;None;True;36,53,45,99,21;119,25,85,69,78
4957281717;3128;True;63,14,47,22,32;49,93,30,119,60
4957281914;2955;True;52,86,6,98,7;2,1,61,87,33
4957280603;2924;False;75,23,4,57,44;63,93,114,22,14
4957282414;2959;False;46,71,108,50,54;41,25,47,68,72
4957281315;3357;True;73,52,27,36,35;86,74,120,56,92
4957281507;3065;False;4,84,28,62,23;100,73,74,29,26
4957281112;None;False;108,112,61,18,69;9,35,31,8,93
4957281505;2813;False;7,87,99,40,101;26,10,21,14,84
4957282504;3449;True;27,74,26,114,2;7,106,99,119,68
4957282110;2133;True;27,104,9,107,81;84,42,37,14,70
4957282617;2858;False;62,23,111,93,113;48,9,73,57,75
4957281101;2968;True;41,58,84,92,119;85,17,64,8,7
4957279508;None;False;1,63,104,26,14;6,103,54,108,100
4957280403;2709;True;44,25,11,26,28;70,68,42,14,9
4957282317;3215;True;56,3,14,69,9;93,2,25,39,86
4957281113;None;False;106,35,105,11,4;71,44,31,18,21
4957281016;3426;False;56,5,25,14,51;108,64,34,8,3
4957281607;2882;True;17,7,14,121,93;25,51,2,8,75
4957280302;2762;False;98,112,66,22,101;53,56,46,97,57
4957282002;2516;True;14,9,44,84,17;106,21,64,97,35
4957280703;3583;True;102,106,37,2,41;5,53,59,44,114
4957281808;3212;True;77,105,71,8,23;18,34,4,40,64
4957281807;2893;True;1,13,14,121,101;20,76,68,42,120
4957281719;2424;False;27,23,91,2,44;50,28,47,81,14
4957281911;2870;False;97,25,11,53,5;84,8,129,121,61
4957281915;3558;True;93,6,82,84,7;44,23,27,114,26
4957280802;None;True;25,1,40,5,14;26,72,74,81,129
4957282910;3808;True;16,75,101,26,93;30,129,1,9,34
4957282905;3246;False;27,19,17,30,93;114,54,121,1,5
4957282818;2607;True;34,8,98,50,16;111,69,75,54,59
4957282912;2239;False;5,22,21,19,8;64,27,56,6,60
4957282908;2980;True;7,14,74,63,1;70,38,21,27,84
4957282706;3762;True;88,121,30,39,41;15,28,21,7,106
4957282901;3233;False;68,93,11,27,104;75,52,32,114,100
4957281509;2128;False;20,62,74,113,93;56,30,14,129,54
4957282407;3702;True;23,59,94,16,103;72,21,1,100,77
4957282616;3137;True;14,119,1,75,129;32,67,26,34,50
4957281200;2031;True;47,108,84,5,1;64,8,34,68,99
4957281506;3863;True;67,50,32,5,129;30,81,76,33,104
4957282613;2736;False;32,71,17,98,30;14,50,129,37,59
4957282909;2449;True;50,42,21,114,101;99,44,79,106,75
4957282911;2837;True;22,26,19,73,8;9,32,119,114,70
4957281116;1777;False;37,129,110,54,106;8,74,26,14,48
4957282704;None;False;41,98,52,2,111;86,26,93,23,96
4957281718;2574;False;85,47,5,99,6;45,1,50,62,35
4957282707;2758;True;93,34,62,103,30;14,78,42,57,121
4957281005;None;False;30,93,9,87,35;25,37,62,12,110
4957282906;2935;True;86,14,99,105,74;36,19,71,95,104
4957282507;2613;True;25,99,52,100,56;58,35,120,49,121
4957281519;3655;False;70,27,39,2,48;14,86,50,44,29
4957282314;1732;True;55,99,89,95,23;12,100,69,3,98
4957282813;None;False;74,1,50,2,5;83,14,19,93,105
4957280803;3576;True;30,60,43,48,5;101,94,27,6,36
4957281913;2302;False;90,114,74,41,16;26,14,17,89,78
4957281608;4201;False;101,42,84,5,67;48,29,81,11,50
4957281617;1964;True;10,35,62,30,14;76,93,27,85,9
4957281413;3227;True;99,63,47,86,5;14,11,96,54,27
4957281806;2939;False;84,1,98,50,43;5,93,16,36,51
4957281303;2128;False;121,52,10,55,93;119,26,73,41,99
4957281202;2153;True;39,77,50,5,21;2,14,84,34,42
4957282404;1309;True;40,2,107,54,110;85,83,9,80,63
4957281001;2488;True;64,42,106,16,75;2,4,22,70,26
4957345106;4384;True;21,26,93,85,34;111,8,2,14,74
4957282903;1243;True;67,101,56,84,59;38,92,14,1,37
4957281804;2642;False;73,102,26,11,51;86,39,27,8,99
4957282413;3163;True;44,9,5,43,54;28,27,58,41,13
4957282006;None;False;73,121,69,41,27;42,48,47,35,84
4957281302;2087;False;4,114,27,32,74;8,121,2,22,83
4957282319;1756;True;87,93,36,2,14;8,70,34,26,20
4957282209;2169;False;93,9,44,74,28;14,8,27,101,22
4957282517;1747;True;19,10,30,83,42;44,86,97,7,47
4957281614;2065;True;14,47,57,93,21;129,27,84,35,44
4957281609;2452;False;91,95,15,1,55;120,54,99,27,26
4957282401;None;True;16,26,67,4,74;36,5,101,93,98
4957283013;3037;True;4,27,35,14,30;54,77,41,1,87
4957281410;2390;True;62,47,8,3,81;7,63,25,59,2
4957281805;3261;True;23,12,100,121,38;37,88,114,44,1
4957282203;2256;True;4,15,33,75,14;32,23,68,27,98
4957281813;2268;True;59,84,104,36,62;14,21,8,9,50
4957282702;1902;True;73,32,21,74,119;114,17,34,8,84
4957282518;1994;True;108,104,87,74,5;21,73,84,64,14
4957281812;None;True;102,39,84,8,19;109,75,99,14,113
4957281612;None;False;73,71,54,46,27;56,94,14,2,64
4957282703;1998;True;35,60,41,8,111;6,85,7,62,17
4957282515;1408;False;90,35,104,19,47;51,8,48,58,34
4957282211;2389;False;59,71,99,74,44;79,89,106,14,36
4957282408;None;False;50,86,114,21,48;17,31,28,35,16
4957282614;None;True;42,67,82,33,9;72,14,26,114,8
4957282708;None;True;36,1,34,50,40;6,27,21,88,14
4957282300;1369;True;71,36,62,44,30;41,87,14,50,74
4957335606;4243;False;129,121,112,93,51;63,99,91,11,5
4957282403;None;True;8,103,95,62,70;86,73,77,68,28
4957281917;None;False;5,104,21,7,14;110,85,48,86,34
4957282005;None;False;114,6,106,9,27;99,30,26,18,23
4957281810;None;True;14,50,121,12,100;61,44,31,75,105
4957282806;2298;False;40,44,21,57,30;26,74,6,73,14
4957281919;757;True;42,75,22,14,56;35,85,68,73,84
4957282907;1781;True;25,14,6,23,76;18,32,78,15,35
4957282313;None;True;22,6,26,32,28;62,112,4,121,77
4957282301;None;True;84,34,41,85,32;6,30,44,25,50
4957282816;None;True;45,42,84,61,25;56,81,26,32,54
4957282208;None;True;8,14,119,27,23;37,61,35,82,69
4957282516;1815;True;88,59,57,47,104;8,120,12,49,4
4957295017;3665;True;93,5,107,71,52;89,91,34,98,121
4957294506;4204;False;44,108,50,110,76;19,70,56,102,68
4957293908;4344;True;2,98,21,79,15;74,100,99,87,48
4957293401;3630;False;129,21,8,111,14;74,110,100,93,27
4957290615;4221;False;44,73,17,2,31;14,50,7,35,54
4957291219;3989;True;129,70,36,14,26;71,99,46,8,121
4957294811;3423;False;14,99,23,70,84;27,106,86,114,129
4957289800;4227;False;1,53,14,86,64;26,44,74,87,84
4957291800;4575;True;22,50,67,112,96;2,26,121,42,74
4957290606;4515;False;101,36,111,2,54;23,121,58,34,70
4957290512;3529;True;93,57,21,121,86;72,65,23,64,26
4957295016;3577;True;121,53,44,100,93;23,86,110,31,73
4957293814;3618;True;32,72,14,2,84;20,74,119,48,99
4957294419;3780;True;54,17,30,28,22;2,111,93,104,50
4957291116;3724;True;61,110,80,8,31;14,21,93,84,114
4957291410;4153;False;21,71,86,26,70;108,22,20,105,89
4957292603;3263;False;87,54,58,114,23;56,14,104,106,50
4957291411;3634;False;11,5,8,21,100;106,93,45,26,110
4957285518;4021;False;22,62,114,30,70;39,99,14,5,44
4957286004;3399;False;21,26,120,8,74;37,9,14,46,96
4957286007;3724;True;120,21,100,73,106;53,45,8,34,26
4957285615;3728;True;71,21,62,8,93;67,9,23,75,7
4957285519;2880;True;104,119,84,14,44;27,62,54,74,2
4957286208;3753;True;6,60,14,27,9;110,30,21,51,44
4957286814;None;False;30,10,6,86,16;94,97,27,44,64
4957286501;2663;False;32,76,44,7,3;82,104,23,48,86
4957287100;3673;False;102,8,62,25,7;71,70,36,34,27
4957285218;3291;False;50,84,86,1,75;87,74,53,105,44
4957285514;3304;False;89,29,85,67,101;9,26,14,93,114
4957286012;3591;False;129,28,78,8,87;7,58,105,93,113
4957286717;4193;True;14,93,5,106,98;75,8,71,2,6
4957285609;3215;False;73,25,41,42,90;31,2,4,87,21
4957287004;2879;False;105,26,70,9,15;14,21,55,74,73
4957286912;3542;False;4,45,17,99,7;2,5,49,85,10
4957285219;3641;False;102,95,32,101,27;21,44,62,94,20
4957286614;None;True;68,20,101,6,7;8,73,30,21,14
4957286112;3456;True;109,22,27,51,107;8,101,31,55,86
4957286306;3236;True;14,62,31,26,82;85,114,75,101,129
4957286115;3752;False;34,37,81,84,114;1,62,60,22,68
4957285515;3682;True;5,102,1,84,129;26,44,101,74,55
4957285617;3228;True;30,35,105,21,93;23,5,100,69,54
4957285217;3630;False;5,74,6,13,21;114,14,26,97,44
4957285100;None;True;121,68,44,74,60;84,129,21,95,50
4957286010;1909;True;51,98,64,67,110;97,71,74,30,41
4957285800;3526;True;75,90,84,48,9;87,63,34,64,114
4957286805;3370;True;93,9,26,39,68;42,21,106,40,75
4957283805;3449;False;14,75,43,15,8;27,109,45,99,32
4957285708;3038;True;62,84,23,34,93;83,2,104,74,121
4957284604;1325;False;54,31,114,14,81;86,21,85,44,96
4957290208;4198;True;67,28,61,31,121;34,40,65,95,87
4957290506;3540;True;64,73,17,78,25;19,113,16,102,69
4957290307;3331;False;85,102,17,109,37;68,96,62,41,74
4957291009;3532;False;119,41,112,73,65;5,32,89,110,57
4957289413;3705;True;28,26,15,95,14;93,22,86,96,30
4957291003;3812;False;62,76,84,36,1;49,50,8,47,53
4957289302;4834;False;10,41,33,44,75;7,86,14,9,106
4957288313;3937;False;37,101,110,52,54;14,1,23,32,26
4957291200;4065;True;36,84,74,27,93;14,7,51,39,1
4957290306;3087;False;75,21,47,26,6;5,94,88,14,74
4957289019;1898;False;8,71,2,101,64;108,3,18,91,76
4957289203;4789;False;57,75,46,14,121;108,11,32,87,101
4957289505;3907;True;44,70,54,105,30;26,74,114,41,7
4957288501;3400;True;54,11,27,110,75;96,21,22,68,8
4957291119;3651;True;14,31,109,19,2;47,27,44,42,102
4957287201;3702;True;98,1,84,13,7;27,93,47,74,5
4957291615;3684;False;90,31,42,63,25;1,101,86,76,129
4957286918;2449;False;34,16,8,26,71;50,21,44,64,120
4957289317;3973;True;14,29,44,62,74;47,36,121,19,48
4957287807;3739;True;99,11,91,5,81;86,76,14,53,56
4957357615;4265;True;50,89,17,37,2;23,11,36,30,21
4957288318;3584;False;105,29,73,93,50;114,84,87,81,67
4957287517;3363;True;5,84,59,14,106;7,81,68,2,74
4957287719;3008;True;41,120,32,15,5;21,105,42,27,22
4957287203;4642;True;101,5,8,10,88;72,74,108,91,14
4957287612;3591;False;48,106,25,107,14;19,8,112,2,62
4957287300;3854;False;65,74,14,81,5;96,114,34,33,50
4957288003;3179;False;18,110,51,26,74;14,86,70,44,113
4957288104;3769;False;23,3,106,34,26;21,46,32,119,61
4957287206;3567;True;79,43,42,28,68;95,23,104,9,119
4957287303;3951;False;68,2,8,34,14;37,120,95,101,76
4957287809;3818;True;105,70,39,25,47;121,120,54,99,16
4957287207;None;True;120,82,94,27,92;18,26,2,17,30
4957308209;3549;False;104,56,57,23,100;74,41,102,58,22
4957308418;4148;True;70,51,61,102,83;37,101,99,27,18
4957304318;4277;True;87,60,93,72,47;64,104,21,101,114
4957284218;3183;True;106,99,7,14,6;104,28,84,36,87
4957283716;1587;True;19,104,17,93,25;74,2,44,54,14
4957283518;3257;True;96,112,21,68,44;107,129,74,37,20
4957284514;3260;True;5,11,54,14,21;98,71,50,41,74
4957284606;4156;True;73,26,121,97,106;8,2,100,74,27
4957284401;3224;False;44,35,74,14,32;62,10,34,31,22
4957283417;3054;True;9,7,46,75,5;87,19,26,63,42
4957284419;None;True;47,8,84,26,76;10,7,98,9,101
4957284819;2835;True;75,11,8,97,84;33,5,48,74,99
4957284518;3471;False;50,1,68,17,58;20,44,14,85,84
4957284816;3285;True;25,74,29,50,28;51,44,46,32,62
4957284217;None;True;37,22,71,42,94;19,105,129,70,17
4957283804;2418;True;84,13,37,34,73;60,41,27,11,100
4957284519;2415;False;79,2,9,6,26;1,14,74,29,75
4957283213;3452;False;8,9,105,7,42;32,112,28,114,44
4957283914;3289;True;113,28,74,68,4;73,32,9,53,58
4957284818;2453;False;83,104,114,21,5;99,87,7,93,47
4957283806;2248;False;60,102,12,61,25;75,49,4,84,108
4957283708;2481;False;86,58,34,18,21;30,81,7,53,61
4957284407;3499;True;44,120,101,31,36;56,21,83,1,111
4957283706;3048;True;62,26,72,21,74;114,64,73,39,88
4957284712;2013;True;41,70,34,32,84;25,14,1,23,26
4957284612;2572;True;10,16,14,2,26;30,64,35,23,81
4957284206;2276;True;96,26,100,93,57;62,70,106,42,56
4957284300;1594;True;67,14,74,56,50;54,26,17,7,121
4957283608;2330;False;99,35,27,70,114;109,71,21,17,62
4957283319;1461;False;8,74,14,41,5;56,108,105,84,22
4957283615;1541;True;21,89,64,2,62;8,32,129,50,22
4957284414;1834;True;39,44,30,112,47;27,25,114,11,99
4957283707;3857;True;7,88,26,35,84;32,6,74,63,104
4957283612;None;False;71,45,44,5,98;54,23,83,85,104
4957283411;None;True;104,3,47,67,64;14,93,113,53,49
4957284301;1933;False;96,35,38,54,100;19,74,11,30,8
4957284501;2946;True;52,47,9,41,14;83,25,56,26,23
4957284618;2296;False;113,81,129,58,84;68,23,9,18,8
4957283308;3901;False;1,11,26,35,102;9,5,87,113,22
4957283410;2420;False;86,76,104,71,48;75,30,49,25,44
4957284005;2199;False;2,11,86,54,50;32,25,21,110,14
4957284709;1835;True;81,39,4,57,103;16,56,109,49,21
4957284704;2789;False;74,5,51,1,37;9,26,44,23,10
4957283715;1606;False;44,71,60,26,35;54,14,32,86,96
4957283912;None;True;72,75,23,7,69;39,106,53,93,90
4957284810;2715;True;47,93,64,14,35;96,8,121,17,21
4957284916;None;True;121,84,1,76,17;120,10,101,27,35
4957284911;2186;False;87,91,21,93,54;58,44,71,90,101
4957284203;2601;False;47,96,93,50,37;5,40,106,99,74
4957284608;2196;False;7,8,68,74,25;45,93,27,73,100
4957283201;1747;True;83,68,95,46,51;120,3,8,35,85
4957283214;3446;False;109,65,92,74,112;96,4,100,93,104
4957284409;1417;True;27,101,53,17,95;43,90,38,2,12
4957284919;1114;True;20,2,57,56,119;50,104,6,105,72
4957283210;1746;False;26,74,67,51,36;82,14,5,95,38
4957284117;2373;True;10,8,54,26,71;4,34,42,6,56
4957284706;2988;True;86,54,74,2,21;7,17,44,75,84
4957284605;1467;True;56,9,110,25,21;114,61,88,26,36
4957284309;None;False;74,57,70,7,37;39,44,26,81,14
4957300902;4464;True;58,86,11,23,71;60,53,70,106,27
4957299000;4202;True;129,64,91,72,34;121,36,25,119,6
4957299108;4229;True;53,101,93,76,64;10,105,17,99,14
4957299509;3963;True;17,64,21,93,51;121,101,109,3,16
4957297700;3581;True;120,21,6,105,73;74,96,64,68,70
4957298117;4015;False;74,33,111,71,54;31,40,43,93,104
4957403615;4835;True;7,51,84,6,21;54,69,25,19,27
4957325805;3208;True;5,74,30,21,6;99,17,10,107,64
4957324707;4024;True;68,53,114,42,101;67,2,52,111,79
4957327615;4561;False;61,93,14,40,5;105,28,27,77,11
4957326210;4614;True;63,11,48,112,101;85,74,100,18,68
4957361219;4806;True;5,114,54,14,105;37,23,1,129,7
4957365607;4614;True;111,10,36,70,23;110,37,54,25,107
4957379616;5084;False;8,87,46,85,15;1,27,86,13,21
4957283718;1819;False;2,55,76,8,14;36,37,34,114,4
4957283719;2467;True;11,26,14,93,110;8,74,2,30,31
4957284405;None;False;87,120,73,84,75;99,9,7,121,15
4957284714;1463;False;50,14,1,104,119;35,84,22,32,62
4957284008;None;False;74,14,7,81,4;98,85,95,93,57
4957284609;2362;False;11,9,75,89,15;101,129,93,86,87
4957284814;None;True;67,90,70,7,5;114,109,25,40,1
4957283813;1748;False;7,34,51,72,27;63,6,32,22,5
4957284913;933;False;21,112,35,47,70;64,74,44,99,110
4957283617;2142;True;35,100,56,42,73;8,104,38,6,86
4957284512;966;True;43,84,21,6,17;4,26,23,101,41
4957284202;2013;True;94,71,8,86,5;20,110,9,129,75
4957284205;None;True;70,27,74,86,93;54,25,114,26,14
4957283701;1530;True;26,56,7,41,95;89,74,88,36,84
4957283517;None;False;46,96,27,44,119;121,1,25,13,69
4957284305;None;True;14,50,114,42,5;32,26,63,34,2
4957284302;2976;True;14,44,101,121,113;62,41,74,35,26
4957284511;None;True;74,14,9,53,41;47,12,83,105,7
4957284815;3015;True;29,99,35,50,100;73,26,81,70,8
4957283409;None;True;20,96,23,44,84;74,54,1,9,26
4957283616;None;False;26,2,93,9,32;14,95,40,62,106
4957322608;4087;True;49,19,31,54,2;36,21,74,98,75
4957315007;3691;False;42,106,21,8,107;6,25,101,27,38
4957315204;4126;False;8,78,114,87,14;63,26,98,73,25
4957315910;5039;True;37,23,121,114,2;7,41,22,71,26
4957298009;3442;True;7,105,17,93,37;109,86,104,50,74
4957298019;4467;True;104,68,101,7,49;35,8,107,37,2
4957285005;None;True;93,26,35,67,99;84,64,104,21,34
4957285010;None;False;8,34,27,6,95;102,90,17,67,52
4957285014;None;True;20,42,109,5,76;1,87,21,44,26
4957285016;1835;False;93,17,99,5,65;119,59,84,8,101
4957285018;None;True;35,75,42,51,30;27,95,1,33,74
4957285102;484;True;14,21,1,35,84;99,18,104,2,11
4957285106;2439;False;9,21,14,27,100;73,34,26,62,44
4957285107;None;True;7,1,107,59,56;48,21,81,58,32
4957291413;3326;False;86,11,26,2,12;48,101,88,84,14
4957291907;3585;True;51,3,26,114,93;68,25,120,95,27
4957291316;4021;False;99,71,114,93,26;106,28,14,110,68
4957291802;3265;False;101,121,38,36,93;6,21,46,85,50
4957291904;2811;True;102,14,74,3,12;42,20,104,9,39
4957291902;3610;True;84,35,42,22,56;14,59,62,54,105
4957291804;3347;True;74,120,121,93,111;42,8,27,14,46
4957291908;3279;False;8,88,21,47,31;5,6,43,75,16
4957439305;5054;False;75,106,28,93,121;74,7,129,18,79
4957450013;5556;True;14,42,51,75,26;3,101,38,8,59
4957439714;5177;False;53,50,6,121,9;89,25,101,111,21
4957292517;4177;False;26,114,121,120,81;106,113,101,86,104
4957339011;4750;True;30,6,9,76,60;18,21,25,84,110
4957340205;4256;False;19,5,8,34,97;83,112,42,121,39
4957292719;3453;False;19,89,25,105,7;31,107,11,65,73
4957285214;2040;True;35,15,93,100,88;86,90,41,16,106
4957298615;4092;True;21,67,82,110,30;8,27,38,19,73
4957298802;4039;True;88,112,47,75,67;25,54,51,74,84
4957295613;3883;True;28,14,37,56,79;121,76,25,21,8
4957500918;4650;True;106,18,71,26,14;30,121,56,12,23
4957504011;4772;True;101,1,69,22,73;7,21,16,8,85
4957314615;3725;False;121,41,30,74,120;110,68,42,61,2
4957312302;4232;False;93,87,100,106,110;6,79,39,14,36
4957319008;4733;True;9,21,104,112,106;129,40,76,63,87
4957340406;4850;False;26,74,7,62,89;129,14,90,11,44
4957354909;4502;True;23,22,50,57,72;25,119,71,78,41
4957289403;4384;True;27,105,56,106,4;95,32,74,37,79
4957289811;4024;True;11,99,110,30,67;121,56,60,76,114
4957290509;3215;False;64,74,6,99,35;48,97,26,22,73
4957290714;3559;False;10,60,21,26,75;35,66,20,7,25
4957288502;2929;False;44,81,33,26,9;52,15,101,2,98
4957289316;3477;False;48,11,84,22,55;7,101,21,95,15
4957289901;3893;False;41,27,44,74,68;73,23,86,104,14
4957291518;3735;False;72,83,29,47,20;96,18,28,14,30
4957289015;3505;True;7,74,119,93,29;28,21,25,114,101
4957291005;3581;False;48,104,79,73,26;94,6,105,119,55
4957291004;3481;True;1,2,23,16,36;41,35,62,120,26
4957291705;3687;False;5,113,44,29,26;69,14,8,76,4
4957289801;None;True;16,54,68,7,13;14,33,1,26,11
4957290517;3717;True;69,9,121,8,35;26,14,93,88,34
4957288717;3147;False;84,21,111,129,23;68,1,96,47,64
4957289002;3688;False;54,129,62,31,82;32,60,21,26,18
4957293100;3943;False;7,83,76,114,51;35,5,14,54,98
4957293207;4099;True;54,28,104,105,91;31,80,108,50,112
4957293313;3679;False;82,32,54,110,20;75,88,12,14,85
4957293019;3761;True;18,86,50,11,69;37,2,12,71,46
4957292513;3377;True;37,19,93,17,50;99,5,14,12,34
4957292514;None;False;71,5,32,2,22;14,84,37,6,56
4957406514;4289;False;41,110,20,19,34;69,11,27,68,54
4957315310;4456;True;107,76,95,16,37;75,30,8,13,60
4957308917;4228;True;64,110,26,56,72;21,5,86,74,54
4957310001;4693;True;113,32,6,11,69;76,45,79,83,18
4957312207;4601;False;5,10,18,14,16;69,109,88,120,84
4957329207;None;False;74,73,41,14,121;26,82,27,109,62
4957330416;4720;True;19,16,93,37,21;97,104,8,86,129
4957450215;5406;True;21,28,112,1,11;100,106,104,87,17
4957304204;3791;True;121,34,27,84,75;86,21,33,29,54
4957307814;4363;False;86,84,60,8,119;44,81,14,64,21
4957309005;4304;True;27,61,75,14,8;2,51,68,33,109
4957301702;4244;True;22,2,42,14,121;84,5,33,32,34
4957300907;3210;False;5,101,8,17,7;41,45,34,62,19
4957298419;4319;False;3,71,22,93,34;104,21,101,32,1
4957300208;4022;False;33,23,12,5,99;26,28,30,18,74
4957301211;3600;False;106,107,19,108,8;86,114,18,36,7
4957301119;3725;False;76,30,71,36,70;19,5,75,42,98
4957293607;3888;True;63,54,14,3,87;75,26,108,64,67
4957293812;3772;False;34,58,109,75,30;11,7,94,57,129
4957292005;3430;True;9,8,74,86,71;39,12,121,37,99
4957292907;3922;True;93,2,11,27,14;74,87,30,70,104
4957293601;2925;False;2,10,44,20,26;70,34,29,7,5
4957293318;2666;True;101,16,27,105,41;93,31,7,46,21
4957293202;3412;False;27,86,10,50,63;5,14,93,39,21
4957291909;2760;False;25,106,11,26,71;54,109,102,21,30
4957293602;None;True;76,119,47,110,72;9,106,44,60,26
4957292114;3687;True;101,1,110,102,19;26,14,74,129,8
4957307015;3771;False;86,73,82,121,39;21,6,14,84,51
4957306406;3141;False;26,22,107,14,8;105,69,93,31,34
4957370912;4735;True;17,71,111,76,104;2,93,110,50,39
4957383700;4003;True;104,19,1,57,68;32,16,41,74,5
4957385107;4216;True;31,38,10,105,17;4,76,29,66,50
4957383009;5069;True;23,39,21,52,14;112,11,95,107,53
4957293610;3479;True;81,129,111,14,34;121,71,21,77,8
4957293713;3115;False;84,35,5,21,47;106,110,37,54,14
4957292208;3106;True;30,88,2,32,95;84,119,58,17,48
4957290715;2570;False;74,5,84,41,29;11,20,88,71,8
4957292801;4128;True;27,106,7,9,101;36,67,105,76,14
4957316918;3770;True;101,31,18,121,16;8,27,22,34,110
4957318302;4809;True;26,8,106,52,16;36,5,54,32,14
4957312100;4433;True;56,14,106,9,42;50,16,21,28,44
4957355709;4744;True;74,50,121,8,2;33,5,93,105,56
4957293918;3433;True;9,19,101,99,10;110,14,93,20,34
4957294105;3634;False;58,17,120,23,93;56,28,20,36,114
4957293914;3543;True;44,9,17,7,84;109,21,73,101,27
4957291417;2700;True;99,84,9,93,5;73,100,27,8,42
4957291201;None;True;75,11,113,119,16;74,8,21,26,121
4957290919;3123;True;9,37,74,109,88;7,44,71,47,3
4957290804;None;True;52,8,59,14,26;84,63,42,48,27
4957291317;3439;True;74,121,15,14,100;8,25,101,129,26
4957293409;3592;False;5,44,47,71,20;14,129,74,84,11
4957290510;3464;True;111,51,73,106,14;42,74,104,121,71
4957292003;3621;False;53,86,14,34,8;104,54,23,26,105
4957291712;2182;False;93,26,39,25,104;37,96,86,54,48
4957291000;3817;True;14,120,20,8,74;83,34,98,12,121
4957292302;3882;False;74,113,106,103,129;104,51,41,5,21
4957291711;3418;True;42,98,11,14,5;56,129,105,10,84
4957292512;3096;True;99,100,41,45,14;61,26,7,42,36
4957291714;2955;False;119,84,19,17,107;68,44,99,40,11
4957290305;4052;True;21,109,90,3,16;8,67,26,43,2
4957293911;2630;True;58,120,50,71,70;51,9,2,34,119
4957290619;3077;True;71,22,21,84,8;104,10,93,32,64
4957290406;3523;True;23,14,67,71,22;26,99,8,45,11
4957290907;3089;True;71,22,86,93,120;18,27,2,26,7
4957293817;2924;False;26,81,8,49,39;17,75,12,121,65
4957293709;2981;False;4,27,65,21,70;25,121,63,7,77
4957293916;3119;True;21,14,18,5,19;74,1,27,32,97
4957293312;3458;True;102,129,18,75,74;41,46,64,51,14
4957293710;2807;True;73,100,9,2,93;11,50,19,42,104
4957293816;3450;True;14,22,85,114,41;35,67,40,68,78
4957294001;3911;True;54,4,129,101,120;17,25,2,8,26
4957294004;2856;True;14,35,63,129,105;16,82,1,112,75
4957292301;3154;True;93,64,84,16,39;26,8,40,75,13
4957292303;2943;False;86,21,114,34,41;14,106,5,56,100
4957292002;3020;False;67,62,23,14,26;30,52,70,84,54
4957290705;2803;True;120,26,73,84,81;75,12,57,98,74
4957292805;2311;True;102,2,9,26,21;121,101,8,68,28
4957291017;1979;True;51,70,27,104,21;41,52,62,97,47
4957291708;2346;True;23,85,19,21,74;54,119,114,14,28
4957292516;3161;True;89,91,21,27,93;26,41,113,75,120
4957292008;2396;False;54,11,129,41,71;72,119,73,74,67
4957292501;None;False;21,4,8,14,84;104,5,44,3,75
4957293910;3193;True;49,86,56,75,100;35,7,4,104,27
4957293618;2741;True;23,14,54,6,30;97,50,44,79,104
4957293317;2696;True;114,48,6,2,86;7,8,11,31,103
4957291319;3963;True;42,15,57,35,107;73,2,68,12,75
4957293002;2992;True;74,21,63,119,95;7,94,35,23,36
4957292906;3286;True;17,93,121,84,120;64,106,102,85,35
4957292904;2240;True;7,79,8,101,36;62,25,14,1,60
4957292404;None;False;86,89,119,11,51;55,87,18,74,106
4957292713;3006;True;114,1,64,111,29;104,73,56,83,5
4957292604;2514;False;121,93,5,25,106;14,74,30,9,114
4957291906;3253;True;4,74,121,36,13;15,30,82,93,110
4957291900;2609;False;67,14,34,62,2;71,21,85,27,35
4957292115;2710;True;7,67,40,70,36;29,10,23,86,26
4957292300;3598;True;54,84,26,2,106;104,48,68,98,74
4957294103;2656;False;107,41,27,2,74;84,21,68,44,54
4957291412;1490;False;107,89,120,101,87;62,37,8,5,102
4957292916;4260;True;14,21,36,8,64;50,98,75,41,84
4957293605;3015;True;67,14,104,74,26;93,11,27,84,58
4957292900;None;True;73,37,84,14,93;9,26,120,12,119
4957293204;3081;False;81,67,74,8,100;48,99,40,31,44
4957292911;2773;False;18,129,75,83,106;62,114,23,37,92
4957292914;2249;False;52,2,18,25,84;65,31,42,22,9
4957292519;2615;True;48,35,86,84,2;9,21,36,26,1
4957291717;None;False;14,106,7,2,74;26,10,119,56,108
4957292119;2784;True;35,18,102,101,41;50,42,81,9,34
4957293105;2781;True;93,84,2,114,85;30,28,34,7,89
4957292109;2135;True;57,90,71,54,25;84,53,21,35,48
4957292117;2268;True;81,36,29,5,74;48,6,2,84,64
4957291617;None;True;58,114,29,83,95;86,21,71,47,14
4957292207;3243;True;46,36,67,112,104;41,7,43,30,21
4957292112;1819;False;75,50,35,95,21;8,11,121,84,2
4957293806;2077;True;63,31,17,48,28;68,32,21,102,69
4957292304;3292;False;75,48,93,55,21;23,4,33,27,14
4957293001;None;False;26,42,86,48,47;67,8,7,54,49
4957292607;2863;False;63,32,25,71,104;18,26,2,34,14
4957294005;2786;False;71,101,98,86,93;26,14,2,47,13
4957293212;2451;True;41,19,59,35,93;120,102,67,104,121
4957293912;None;True;48,9,6,14,87;44,66,74,47,31
4957292306;3103;False;86,27,35,93,15;91,98,121,22,41
4957293604;None;False;114,30,26,54,51;25,57,21,73,37
4957294008;2959;True;110,41,50,23,14;104,67,121,84,43
4957292500;2447;True;102,84,121,1,35;50,59,26,45,104
4957293315;4073;True;67,74,99,26,30;29,18,41,21,5
4957293103;3243;True;50,47,5,6,54;23,100,96,85,18
4957292606;1550;True;1,84,90,69,46;35,27,97,99,41
4957292714;2529;False;6,74,19,83,66;25,57,35,81,26
4957293705;1345;True;46,36,57,49,75;74,98,26,7,93
4957293813;2052;True;107,88,21,12,49;32,108,39,1,84
4957293311;2071;False;63,35,84,14,21;74,32,31,113,5
4957293913;1655;True;103,17,32,37,97;48,46,41,104,111
4957293915;3009;False;41,34,28,73,71;14,21,93,30,57
4957293404;3463;False;84,9,10,71,26;41,121,47,102,36
4957293203;1386;False;69,50,114,95,66;63,82,2,21,26
4957294002;None;False;74,100,7,86,93;26,44,107,23,14
4957457016;4737;False;14,86,64,23,106;7,114,30,63,59
4957293703;2649;True;104,26,74,102,8;22,28,87,88,73
4957293909;1452;True;14,93,28,77,84;86,21,26,8,114
4957293501;None;False;45,42,44,41,84;34,71,79,26,8
4957293503;2174;False;53,61,17,20,113;85,74,28,63,60
4957293700;2311;False;17,114,86,120,5;63,47,99,50,27
4957292901;1778;False;59,72,69,97,13;44,85,75,16,60
4957292412;None;True;84,39,23,26,61;25,14,21,93,20
4957293500;2437;True;69,51,17,30,89;8,99,9,75,106
4957292408;3177;True;71,44,33,37,70;5,2,114,14,41
4957293708;2252;True;51,90,44,21,5;120,101,63,47,6
4957294003;1971;False;109,46,50,29,37;2,102,35,114,26
4957292407;2229;True;21,89,87,57,99;42,112,95,34,14
4957293606;2105;True;47,56,99,26,11;41,60,36,87,84
4957292717;823;True;7,16,12,85,58;23,107,119,98,95
4957293711;2129;True;63,94,11,98,34;109,47,73,103,30
4957293205;1912;False;68,100,120,44,17;13,60,14,41,9
4957292710;2113;True;103,17,41,78,27;25,129,35,84,114
4957292709;1728;True;7,1,75,54,56;27,59,28,70,14
4957293101;2937;False;111,8,74,39,27;84,102,63,25,112
4957293714;1422;False;21,109,26,110,102;33,2,8,56,68
4957292912;1762;True;11,18,40,58,67;5,28,105,39,93
4957293701;2345;True;21,14,75,109,84;7,81,56,39,55
4957293608;1576;True;6,73,84,9,32;22,108,67,7,14
4957293702;None;False;53,112,74,93,91;14,104,1,3,61
4957293214;3212;False;26,30,35,23,44;41,34,5,58,101
4957293919;None;False;50,35,7,6,41;101,74,104,93,84
4957293110;1535;True;32,4,119,104,44;86,54,99,20,34
4957292909;None;False;41,106,105,7,84;114,30,71,21,93
4957293107;654;False;23,1,87,14,13;34,48,93,74,83
4957293505;None;True;65,19,89,40,2;49,14,1,87,44
4957292902;None;False;85,75,99,94,1;104,26,35,32,110
4957293215;None;False;74,6,44,26,7;42,75,1,14,94
4957293005;None;True;15,47,6,5,35;99,104,21,119,75
4957293600;None;True;30,28,8,114,21;68,42,93,14,36
4957294007;2379;False;45,70,73,95,3;14,8,32,35,5
4957294104;1524;True;70,101,74,26,1;47,41,25,84,5
4957392707;4858;False;106,112,42,110,55;83,76,32,50,54
4957294110;2949;True;50,37,21,8,61;36,53,86,111,4
4957294106;1479;True;14,22,119,104,9;112,23,34,43,97
4957294111;3085;True;84,18,73,74,90;97,1,48,129,53
4957294107;3339;True;110,96,63,30,43;6,95,108,84,26
4957294109;None;False;42,93,25,14,21;51,35,67,111,22
4957335913;4646;False;114,19,20,86,17;76,54,37,22,104
4957365409;4604;False;5,110,70,18,14;2,114,44,112,86
4957361316;3939;False;51,31,8,62,114;100,70,64,23,73
4957364618;4742;True;54,16,121,75,73;15,101,104,27,113
4957346302;4408;True;23,83,14,75,8;84,114,56,42,26
4957347405;4374;False;21,7,2,93,14;60,6,20,84,34
4957294206;3952;True;23,44,76,27,26;13,14,42,25,71
4957294203;2733;False;7,86,37,89,62;73,112,93,14,9
4957294200;1570;False;75,3,104,36,114;63,121,32,67,62
4957294202;2085;True;26,41,70,73,114;17,36,14,99,42
4957294205;2429;False;22,62,35,1,28;99,42,26,27,11
4957294208;None;True;42,110,41,4,71;102,121,59,93,85
4957310705;2933;True;101,93,11,111,2;62,5,17,30,47
4957311811;3984;False;47,114,27,42,25;14,16,54,40,30
4957311815;4562;False;99,86,62,93,23;27,64,73,19,7
4957315416;4194;True;49,14,6,7,110;100,25,3,129,109
4957316719;4195;True;8,51,74,40,97;9,14,27,36,129
4957318407;4343;True;86,9,29,30,39;50,2,37,53,114
4957317414;4138;True;86,20,2,17,93;26,110,113,77,119
4957314306;4110;True;21,120,18,39,26;5,88,16,82,81
4957314418;3280;False;25,38,26,34,32;16,30,93,22,86
4957303908;3930;True;27,26,4,2,82;18,37,16,113,62
4957301918;3955;True;12,68,23,7,21;28,51,5,44,39
4957302615;4193;False;21,10,129,87,71;120,7,5,42,53
4957306305;4779;True;39,129,93,27,92;74,36,9,106,14
4957308014;2968;True;129,58,84,6,92;25,26,21,12,7
4957308217;3894;True;58,5,7,18,21;60,54,9,39,37
4957308413;3338;True;39,5,84,99,104;2,61,121,41,119
4957304001;3922;False;94,8,19,83,102;42,75,105,106,14
4957307418;4506;True;14,21,75,1,79;68,47,9,84,8
4957302112;3994;True;61,48,9,69,83;110,85,41,34,7
4957303306;3745;True;68,23,36,67,86;26,8,74,84,14
4957298414;3713;False;60,67,5,14,23;21,22,26,81,34
4957298901;3905;False;5,7,48,9,17;71,75,119,8,110
4957300509;3263;False;72,7,93,14,23;73,13,98,68,9
4957301801;3686;False;110,129,93,14,39;74,8,56,121,51
4957297508;4106;True;74,110,32,14,39;21,93,84,5,28
4957306805;None;False;58,94,74,21,62;106,47,112,7,71
4957297906;3778;False;107,51,4,86,21;111,35,7,14,93
4957304316;4163;True;98,100,8,75,52;41,107,74,129,119
4957298614;3988;True;53,81,99,19,107;48,104,83,39,110
4957416918;5465;False;12,100,74,26,104;101,70,11,129,31
4957302301;4429;False;54,110,10,21,37;74,61,26,100,6
4957296615;4030;False;28,84,59,41,86;93,34,5,23,2
4957302516;3967;False;12,28,76,14,37;39,25,16,5,93
4957301507;3759;True;54,14,114,25,16;84,2,64,106,1
4957298105;3273;False;42,66,16,3,21;64,25,63,58,23
4957299401;3899;True;108,44,50,14,11;112,120,39,9,8
4957298400;3845;True;13,44,84,26,2;120,50,34,28,114
4957299216;3580;True;68,9,23,108,14;25,7,49,73,37
4957299316;3995;False;70,103,21,86,32;7,98,73,119,14
4957297111;4144;True;55,35,28,26,71;121,25,16,86,54
4957301710;4772;True;20,42,17,86,38;39,30,101,73,104
4957296710;4076;True;14,58,64,95,17;70,27,99,30,82
4957299400;3695;False;22,2,67,50,37;33,112,7,93,74
4957296400;4213;True;88,93,86,71,84;21,31,9,36,7
4957296306;3325;True;105,93,14,101,59;54,61,16,5,31
4957301416;3475;False;5,108,18,34,14;23,121,7,33,109
4957300411;3927;True;42,5,14,19,11;64,1,21,29,26
4957300100;3813;False;110,30,61,62,67;82,120,26,8,119
4957298308;3905;True;57,26,51,43,41;25,16,39,8,22
4957297210;3975;False;31,106,33,129,8;15,44,14,5,19
4957300904;3850;False;10,121,104,63,21;56,14,37,74,8
4957302507;3948;True;9,23,36,70,75;14,76,64,104,93
4957295718;3088;True;11,36,35,121,28;105,108,94,79,39
4957302303;3602;True;74,31,84,48,104;23,1,20,121,129
4957300404;3106;True;108,101,36,8,21;119,99,51,11,48
4957300406;3945;True;14,7,30,62,98;21,34,26,54,105
4957297302;3333;True;114,129,31,65,42;104,84,26,7,70
4957300511;4932;False;27,63,73,14,19;7,21,74,9,54
4957298808;3901;False;30,62,81,114,129;84,14,93,110,76
4957300616;3505;False;3,129,37,6,40;32,99,26,11,114
4957300813;3895;False;9,107,79,70,45;34,119,21,89,2
4957297818;3416;False;84,44,3,20,59;7,47,50,99,8
4957296903;4028;False;62,111,42,14,36;32,23,11,6,22
4957295611;3390;True;57,39,102,41,7;17,30,87,62,93
4957295603;3709;True;114,109,99,113,33;120,63,74,30,97
4957295418;3983;True;2,10,13,87,89;111,61,36,44,14
4957295112;3609;False;48,74,7,64,18;6,34,14,71,5
4957301715;3767;True;74,50,119,84,93;27,129,11,75,19
4957300106;3522;False;60,27,11,83,6;7,84,21,94,28
4957296012;3811;False;49,31,54,68,53;58,2,14,18,105
4957295919;3155;False;99,14,11,68,67;75,30,72,84,36
4957300312;3177;False;51,85,44,101,98;53,73,55,8,27
4957301512;2929;True;79,93,110,34,84;21,74,17,8,50
4957301001;3113;True;102,19,86,43,4;75,34,8,14,129
4957299911;3772;True;74,39,107,44,37;1,23,71,104,84
4957300015;3529;True;1,105,36,101,14;17,12,83,100,91
4957306609;4015;True;95,129,35,30,112;86,91,21,72,39
4957307810;4840;True;88,73,19,31,15;11,70,27,9,21
4957304400;3776;False;45,26,21,41,28;47,5,14,42,101
4957303214;3201;True;8,74,14,27,129;21,36,2,33,7
4957306507;2960;True;84,72,59,108,100;32,48,81,86,114
4957380312;4324;True;120,61,14,44,111;58,6,74,76,30
4957297108;2703;False;87,22,29,40,8;104,43,41,64,84
4957296019;1965;False;129,75,54,17,64;62,19,31,7,42
4957300108;3617;False;71,58,35,111,4;80,21,121,7,61
4957341302;4046;True;47,1,7,110,27;16,22,31,120,44
4957343204;4483;True;101,21,25,84,54;64,8,5,45,16
4957299119;1686;True;87,44,120,11,71;50,8,129,23,114
4957301703;3099;False;121,20,48,6,50;75,41,84,11,32
4957296915;4066;False;21,110,11,26,72;51,14,86,44,22
4957301315;3357;True;93,84,8,14,2;99,5,34,7,54
4957299218;3892;False;68,121,106,120,42;26,71,56,81,110
4957298208;3006;True;51,98,67,84,106;114,44,71,129,19
4957300110;4029;True;98,39,7,30,6;5,96,61,21,67
4957313111;3876;False;45,64,67,32,129;8,36,100,23,30
4957302712;3627;False;40,71,49,70,42;98,84,6,37,62
4957329717;4277;False;52,26,29,74,54;114,14,22,16,64
4957324912;4531;True;45,22,42,7,9;76,108,105,47,27
4957326302;3976;True;21,37,106,73,53;23,75,7,120,67
4957327818;4583;False;111,101,11,19,44;12,21,84,5,75
4957321709;4503;True;11,129,84,4,40;21,16,85,31,32
4957320903;4183;True;119,57,26,25,8;120,19,20,14,54
4957321114;4365;False;7,44,74,27,25;41,58,28,20,106
4957323010;3195;True;22,81,21,96,27;26,1,74,71,19
4957322007;4441;False;106,48,51,26,40;101,21,37,105,81
4957319300;4154;True;82,42,120,27,91;90,104,87,64,93
4957327507;4940;False;64,29,76,54,100;11,93,84,26,62
4957320701;4325;True;121,71,23,2,4;11,54,110,64,38
4957302809;3414;False;74,8,30,64,75;93,86,73,33,53
4957302905;3437;True;93,74,90,28,114;81,37,51,108,84
4957302910;3467;False;28,14,97,31,8;22,2,56,88,82
4957302817;3505;True;22,15,9,99,7;27,114,60,113,25
4957303016;4407;True;22,1,79,7,4;64,100,44,25,99
4957298813;3538;True;51,47,14,114,110;11,49,36,5,1
4957298418;3623;True;86,28,73,65,70;88,8,87,98,84
4957300409;3475;False;85,11,6,64,51;74,30,104,93,14
4957300615;3503;False;129,9,44,7,74;65,14,72,114,71
4957302709;3347;False;64,84,62,23,56;102,5,32,74,28
4957298505;2162;False;30,7,71,19,54;87,114,64,93,23
4957299319;3138;True;97,64,110,114,8;56,14,106,7,50
4957298103;4368;True;64,93,16,76,21;23,7,10,84,49
4957301200;3318;False;16,26,14,70,27;67,99,102,50,23
4957302806;2879;False;101,64,120,8,22;111,58,6,68,17
4957327515;4444;True;35,31,43,62,21;50,26,114,11,32
4957319216;3511;False;1,14,16,75,23;61,93,101,5,32
4957318704;4091;True;11,9,5,44,99;57,30,101,7,93
4957313519;4385;False;21,54,49,37,68;41,91,19,14,86
4957318903;2670;True;8,27,19,21,76;10,16,129,13,37
4957321902;4257;True;36,14,22,32,26;54,75,23,25,99
4957319111;4259;True;7,32,9,62,14;95,73,21,83,64
4957327601;4432;True;20,129,5,25,10;28,54,26,74,86
4957367017;4788;False;121,68,54,21,53;14,58,101,86,8
4957370114;4586;False;21,114,40,87,7;42,62,17,37,54
4957343607;4732;True;104,19,84,36,44;23,8,68,80,34
4957377114;3882;False;27,101,102,1,106;70,37,46,22,16
